SEXO,PRIMER_NOMBRE,frecuencia,prob
MASCULINO,JOSE,85078,0.066047118
MASCULINO,LUIS,75601,0.058690004
MASCULINO,CARLOS,62450,0.048480718
MASCULINO,JUAN,52487,0.040746316
MASCULINO,JORGE,40368,0.031338184
MASCULINO,OSCAR,21816,0.016936034
MASCULINO,JAIME,19645,0.01525066
MASCULINO,HECTOR,17859,0.013864165
MASCULINO,DIEGO,16702,0.012965972
MASCULINO,JAIRO,16679,0.012948117
MASCULINO,JOHN,15452,0.011995581
MASCULINO,JAVIER,14675,0.011392386
MASCULINO,JESUS,14570,0.011310874
MASCULINO,ALVARO,14374,0.011158716
MASCULINO,WILLIAM,14295,0.011097388
MASCULINO,ANDRES,14175,0.01100423
MASCULINO,EDGAR,13884,0.010778323
MASCULINO,PEDRO,13625,0.010577258
MASCULINO,GUSTAVO,13077,0.010151839
MASCULINO,JHON,13046,0.010127773
MASCULINO,FERNANDO,12772,0.009915064
MASCULINO,CESAR,12655,0.009824235
MASCULINO,MIGUEL,12371,0.009603762
MASCULINO,JULIO,11692,0.009076646
MASCULINO,MAURICIO,11313,0.008782424
MASCULINO,NELSON,11138,0.008646569
MASCULINO,VICTOR,11057,0.008583688
MASCULINO,GERMAN,10720,0.00832207
MASCULINO,WILSON,10285,0.007984374
MASCULINO,RICARDO,10179,0.007902085
MASCULINO,MANUEL,9882,0.00767152
MASCULINO,FRANCISCO,9713,0.007540324
MASCULINO,ALEXANDER,9152,0.007104812
MASCULINO,GUILLERMO,9032,0.007011655
MASCULINO,RAFAEL,8897,0.006906853
MASCULINO,HENRY,8768,0.006806708
MASCULINO,ORLANDO,8231,0.006389828
MASCULINO,MARIO,8156,0.006331605
MASCULINO,FABIO,7721,0.005993909
MASCULINO,OMAR,7638,0.005929475
MASCULINO,HERNAN,7335,0.005694252
MASCULINO,IVAN,7071,0.005489306
MASCULINO,EDWIN,7038,0.005463688
MASCULINO,ALBERTO,7030,0.005457477
MASCULINO,JULIAN,6903,0.005358885
MASCULINO,HUGO,6776,0.005260294
MASCULINO,HERNANDO,6713,0.005211386
MASCULINO,EDUARDO,6580,0.005108136
MASCULINO,DANIEL,6561,0.005093387
MASCULINO,FREDY,6409,0.004975387
MASCULINO,RODRIGO,6343,0.00492415
MASCULINO,GABRIEL,6281,0.004876019
MASCULINO,RAUL,6076,0.004716875
MASCULINO,ALEJANDRO,6025,0.004677283
MASCULINO,PABLO,6018,0.004671849
MASCULINO,RUBEN,5931,0.00460431
MASCULINO,LEONARDO,5886,0.004569376
MASCULINO,MARCO,5729,0.004447494
MASCULINO,ANTONIO,5641,0.004379179
MASCULINO,NESTOR,5468,0.004244877
MASCULINO,DAVID,5321,0.004130759
MASCULINO,CAMILO,5263,0.004085733
MASCULINO,ALFONSO,4764,0.003698353
MASCULINO,HUMBERTO,4744,0.003682827
MASCULINO,SERGIO,4540,0.003524459
MASCULINO,GERARDO,4515,0.003505051
MASCULINO,GILBERTO,4495,0.003489525
MASCULINO,ANGEL,4385,0.00340413
MASCULINO,FABIAN,4138,0.003212381
MASCULINO,ROBERTO,3959,0.003073421
MASCULINO,ARMANDO,3911,0.003036158
MASCULINO,GONZALO,3747,0.002908843
MASCULINO,RAMIRO,3401,0.002640239
MASCULINO,ELKIN,3262,0.002532331
MASCULINO,ALFREDO,3089,0.002398029
MASCULINO,NICOLAS,3016,0.002341359
MASCULINO,ENRIQUE,2971,0.002306425
MASCULINO,DARIO,2867,0.002225688
MASCULINO,LIBARDO,2799,0.002172899
MASCULINO,HAROLD,2735,0.002123215
MASCULINO,MILTON,2670,0.002072754
MASCULINO,ERNESTO,2632,0.002043255
MASCULINO,MARTIN,2598,0.00201686
MASCULINO,FRANKLIN,2592,0.002012202
MASCULINO,SANTIAGO,2525,0.001960189
MASCULINO,BERNARDO,2411,0.00187169
MASCULINO,WALTER,2408,0.001869361
MASCULINO,RAMON,2372,0.001841413
MASCULINO,ALBEIRO,2350,0.001824334
MASCULINO,ALIRIO,2247,0.001744374
MASCULINO,SEGUNDO,2231,0.001731953
MASCULINO,EFRAIN,2181,0.001693138
MASCULINO,RODOLFO,2165,0.001680717
MASCULINO,FELIPE,2053,0.00159377
MASCULINO,ADOLFO,2041,0.001584454
MASCULINO,FREDDY,2036,0.001580572
MASCULINO,SAMUEL,1951,0.001514586
MASCULINO,URIEL,1930,0.001498283
MASCULINO,ROBINSON,1853,0.001438507
MASCULINO,EDILBERTO,1852,0.001437731
MASCULINO,REINALDO,1833,0.001422981
MASCULINO,FELIX,1826,0.001417547
MASCULINO,ARTURO,1823,0.001415218
MASCULINO,SAUL,1797,0.001395034
MASCULINO,JAIR,1793,0.001391928
MASCULINO,EDISON,1783,0.001384165
MASCULINO,JOAQUIN,1778,0.001380284
MASCULINO,WILMAR,1764,0.001369415
MASCULINO,CRISTIAN,1751,0.001359323
MASCULINO,LEONEL,1749,0.001357771
MASCULINO,YESID,1696,0.001316626
MASCULINO,OCTAVIO,1646,0.00127781
MASCULINO,JAMES,1627,0.00126306
MASCULINO,GIOVANNI,1564,0.001214153
MASCULINO,GILDARDO,1552,0.001204837
MASCULINO,WILMER,1541,0.001196298
MASCULINO,FERNEY,1501,0.001165245
MASCULINO,ALEX,1479,0.001148166
MASCULINO,ALONSO,1414,0.001097706
MASCULINO,NORBERTO,1388,0.001077522
MASCULINO,OSWALDO,1321,0.001025509
MASCULINO,EDINSON,1303,0.001011535
MASCULINO,ARNULFO,1264,0.000981259
MASCULINO,JIMMY,1258,0.000976601
MASCULINO,ELIAS,1246,0.000967285
MASCULINO,ELIECER,1242,0.00096418
MASCULINO,AUGUSTO,1223,0.00094943
MASCULINO,ALDEMAR,1220,0.000947101
MASCULINO,RIGOBERTO,1211,0.000940114
MASCULINO,ISMAEL,1187,0.000921483
MASCULINO,HERMES,1144,0.000888102
MASCULINO,CIRO,1143,0.000887325
MASCULINO,ESTEBAN,1128,0.000875681
MASCULINO,IGNACIO,1120,0.00086947
MASCULINO,EDWARD,1115,0.000865588
MASCULINO,MISAEL,1113,0.000864036
MASCULINO,BENJAMIN,1101,0.00085472
MASCULINO,ISRAEL,1085,0.000842299
MASCULINO,PAULO,1080,0.000838418
MASCULINO,RENE,1078,0.000836865
MASCULINO,HERIBERTO,1069,0.000829878
MASCULINO,GIOVANNY,1057,0.000820562
MASCULINO,TOMAS,1054,0.000818233
MASCULINO,ARIEL,1049,0.000814352
MASCULINO,VICENTE,1049,0.000814352
MASCULINO,ANIBAL,1039,0.000806589
MASCULINO,LEON,1031,0.000800378
MASCULINO,HORACIO,1007,0.000781747
MASCULINO,SILVIO,968,0.000751471
MASCULINO,MILLER,963,0.000747589
MASCULINO,DANILO,947,0.000735168
MASCULINO,ARLEY,945,0.000733615
MASCULINO,MOISES,908,0.000704892
MASCULINO,DAGOBERTO,905,0.000702563
MASCULINO,RICHARD,897,0.000696352
MASCULINO,AGUSTIN,893,0.000693247
MASCULINO,RONALD,893,0.000693247
MASCULINO,ABEL,885,0.000687037
MASCULINO,MARCOS,876,0.00068005
MASCULINO,DIDIER,870,0.000675392
MASCULINO,ARGEMIRO,861,0.000668405
MASCULINO,CHRISTIAN,858,0.000666076
MASCULINO,EMILIO,847,0.000657537
MASCULINO,WILLIAN,835,0.000648221
MASCULINO,TITO,821,0.000637353
MASCULINO,EVER,817,0.000634247
MASCULINO,DAIRO,802,0.000622603
MASCULINO,ALEXIS,799,0.000620274
MASCULINO,ABELARDO,796,0.000617945
MASCULINO,EFREN,795,0.000617168
MASCULINO,CAMPO,784,0.000608629
MASCULINO,JOSUE,779,0.000604747
MASCULINO,FEDERICO,776,0.000602419
MASCULINO,JONATHAN,753,0.000584563
MASCULINO,ROBERT,733,0.000569037
MASCULINO,ADRIAN,731,0.000567484
MASCULINO,EDILSON,717,0.000556616
MASCULINO,TULIO,714,0.000554287
MASCULINO,WILFREDO,711,0.000551958
MASCULINO,JOHAN,705,0.0005473
MASCULINO,CRISTOBAL,688,0.000534103
MASCULINO,OTONIEL,677,0.000525564
MASCULINO,MARINO,666,0.000517024
MASCULINO,ISIDRO,653,0.000506932
MASCULINO,EVELIO,652,0.000506156
MASCULINO,YEISON,651,0.000505379
MASCULINO,ABRAHAM,644,0.000499945
MASCULINO,NORBEY,643,0.000499169
MASCULINO,NILSON,636,0.000493735
MASCULINO,ROGELIO,631,0.000489853
MASCULINO,ARBEY,622,0.000482866
MASCULINO,GREGORIO,616,0.000478209
MASCULINO,MARLON,615,0.000477432
MASCULINO,ELMER,612,0.000475103
MASCULINO,OVIDIO,609,0.000472774
MASCULINO,SEBASTIAN,609,0.000472774
MASCULINO,ANDERSON,606,0.000470445
MASCULINO,REINEL,595,0.000461906
MASCULINO,SALOMON,589,0.000457248
MASCULINO,FRANK,585,0.000454143
MASCULINO,EDUARD,584,0.000453367
MASCULINO,ALCIDES,582,0.000451814
MASCULINO,FIDEL,576,0.000447156
MASCULINO,EDGARDO,576,0.000447156
MASCULINO,SIGIFREDO,574,0.000445603
MASCULINO,EUGENIO,567,0.000440169
MASCULINO,ELVER,563,0.000437064
MASCULINO,ROGER,560,0.000434735
MASCULINO,ROLANDO,560,0.000434735
MASCULINO,VLADIMIR,550,0.000426972
MASCULINO,LAUREANO,549,0.000426196
MASCULINO,WILMAN,535,0.000415327
MASCULINO,SANDRO,522,0.000405235
MASCULINO,WILDER,505,0.000392038
MASCULINO,SALVADOR,493,0.000382722
MASCULINO,EDISSON,490,0.000380393
MASCULINO,JOHNNY,488,0.000378841
MASCULINO,SIMON,485,0.000376512
MASCULINO,DANNY,483,0.000374959
MASCULINO,EDER,478,0.000371077
MASCULINO,LEONIDAS,474,0.000367972
MASCULINO,ANCIZAR,473,0.000367196
MASCULINO,GEOVANNY,468,0.000363314
MASCULINO,ALFREDY,468,0.000363314
MASCULINO,EDUAR,464,0.000360209
MASCULINO,DUVAN,463,0.000359433
MASCULINO,ROMAN,461,0.00035788
MASCULINO,EDWAR,451,0.000350117
MASCULINO,BORIS,444,0.000344683
MASCULINO,ADALBERTO,443,0.000343906
MASCULINO,AURELIO,440,0.000341578
MASCULINO,HUBER,438,0.000340025
MASCULINO,RUBIEL,433,0.000336143
MASCULINO,CLAUDIO,432,0.000335367
MASCULINO,MAURO,423,0.00032838
MASCULINO,FERMIN,423,0.00032838
MASCULINO,DOMINGO,422,0.000327604
MASCULINO,JHONNY,420,0.000326051
MASCULINO,EDUIN,419,0.000325275
MASCULINO,ISAIAS,411,0.000319064
MASCULINO,GUIDO,409,0.000317512
MASCULINO,LEANDRO,408,0.000316736
MASCULINO,OLIVERIO,405,0.000314407
MASCULINO,HERNEY,397,0.000308196
MASCULINO,PASTOR,394,0.000305867
MASCULINO,HERMAN,388,0.000301209
MASCULINO,ROQUE,387,0.000300433
MASCULINO,EMIRO,384,0.000298104
MASCULINO,ISAAC,379,0.000294222
MASCULINO,CRISTHIAN,378,0.000293446
MASCULINO,JEAN,370,0.000287236
MASCULINO,JUVENAL,368,0.000285683
MASCULINO,FABER,367,0.000284907
MASCULINO,FLAVIO,367,0.000284907
MASCULINO,DARWIN,365,0.000283354
MASCULINO,JUSTO,362,0.000281025
MASCULINO,MILCIADES,359,0.000278696
MASCULINO,ELISEO,355,0.000275591
MASCULINO,BLADIMIR,355,0.000275591
MASCULINO,LUCAS,355,0.000275591
MASCULINO,JHONY,354,0.000274815
MASCULINO,LORENZO,351,0.000272486
MASCULINO,JONNY,348,0.000270157
MASCULINO,LEOPOLDO,348,0.000270157
MASCULINO,NORMAN,346,0.000268604
MASCULINO,LISANDRO,344,0.000267052
MASCULINO,NOE,340,0.000263946
MASCULINO,MARIA,340,0.000263946
MASCULINO,FRANCO,338,0.000262394
MASCULINO,CONRADO,337,0.000261617
MASCULINO,ARCESIO,337,0.000261617
MASCULINO,WILFER,334,0.000259288
MASCULINO,BELISARIO,333,0.000258512
MASCULINO,EIDER,332,0.000257736
MASCULINO,JOEL,326,0.000253078
MASCULINO,YULIAM,326,0.000253078
MASCULINO,MEDARDO,323,0.000250749
MASCULINO,ARQUIMEDES,320,0.00024842
MASCULINO,JOHNY,320,0.00024842
MASCULINO,ROMULO,318,0.000246867
MASCULINO,EDIER,317,0.000246091
MASCULINO,EZEQUIEL,316,0.000245315
MASCULINO,GERSON,315,0.000244538
MASCULINO,NOEL,313,0.000242986
MASCULINO,HEBERT,312,0.00024221
MASCULINO,ELBER,310,0.000240657
MASCULINO,HELMER,309,0.000239881
MASCULINO,MARIANO,308,0.000239104
MASCULINO,MICHAEL,307,0.000238328
MASCULINO,EMERSON,306,0.000237552
MASCULINO,OLMEDO,305,0.000236775
MASCULINO,FLORENTINO,301,0.00023367
MASCULINO,NOLBERTO,301,0.00023367
MASCULINO,GENARO,298,0.000231341
MASCULINO,ALVEIRO,296,0.000229789
MASCULINO,PAUL,296,0.000229789
MASCULINO,GENTIL,296,0.000229789
MASCULINO,SANTOS,296,0.000229789
MASCULINO,HARVEY,295,0.000229012
MASCULINO,FAVIO,294,0.000228236
MASCULINO,WILBER,291,0.000225907
MASCULINO,ANGELO,288,0.000223578
MASCULINO,ERWIN,285,0.000221249
MASCULINO,SIERVO,284,0.000220473
MASCULINO,NIXON,284,0.000220473
MASCULINO,DELIO,284,0.000220473
MASCULINO,ARNOLDO,283,0.000219696
MASCULINO,JAIDER,283,0.000219696
MASCULINO,DIOGENES,282,0.00021892
MASCULINO,ALCIBIADES,280,0.000217368
MASCULINO,LUCIO,276,0.000214262
MASCULINO,MARCELINO,275,0.000213486
MASCULINO,SERAFIN,272,0.000211157
MASCULINO,YECID,271,0.000210381
MASCULINO,UBALDO,270,0.000209604
MASCULINO,MAXIMILIANO,267,0.000207275
MASCULINO,OSVALDO,266,0.000206499
MASCULINO,ERICK,266,0.000206499
MASCULINO,MARCELO,264,0.000204947
MASCULINO,HILDEBRANDO,264,0.000204947
MASCULINO,YHON,262,0.000203394
MASCULINO,ALBERT,262,0.000203394
MASCULINO,HOOVER,260,0.000201841
MASCULINO,ARISTIDES,257,0.000199512
MASCULINO,WILLINGTON,257,0.000199512
MASCULINO,HAROL,257,0.000199512
MASCULINO,VIRGILIO,257,0.000199512
MASCULINO,JEISON,257,0.000199512
MASCULINO,ARLEX,256,0.000198736
MASCULINO,ULISES,255,0.00019796
MASCULINO,ARISTOBULO,253,0.000196407
MASCULINO,HERLEY,251,0.000194854
MASCULINO,JEFFERSON,249,0.000193302
MASCULINO,HELBERT,248,0.000192526
MASCULINO,ADAN,247,0.000191749
MASCULINO,SIXTO,247,0.000191749
MASCULINO,HOMERO,246,0.000190973
MASCULINO,EUCLIDES,245,0.000190197
MASCULINO,JEISSON,242,0.000187868
MASCULINO,ELVIS,242,0.000187868
MASCULINO,LUCIANO,242,0.000187868
MASCULINO,EMILIANO,242,0.000187868
MASCULINO,NEFTALI,241,0.000187091
MASCULINO,JADER,240,0.000186315
MASCULINO,YOVANNY,239,0.000185539
MASCULINO,LAZARO,239,0.000185539
MASCULINO,PARMENIO,235,0.000182433
MASCULINO,PASCUAL,235,0.000182433
MASCULINO,ELADIO,234,0.000181657
MASCULINO,HELBER,234,0.000181657
MASCULINO,HELI,234,0.000181657
MASCULINO,HEBER,233,0.000180881
MASCULINO,YOVANY,233,0.000180881
MASCULINO,UBER,232,0.000180105
MASCULINO,ASDRUBAL,231,0.000179328
MASCULINO,DUBERNEY,231,0.000179328
MASCULINO,SERVIO,231,0.000179328
MASCULINO,NAPOLEON,230,0.000178552
MASCULINO,FAUSTO,229,0.000177776
MASCULINO,HELVER,226,0.000175447
MASCULINO,JOAN,224,0.000173894
MASCULINO,CRISANTO,224,0.000173894
MASCULINO,TEOFILO,224,0.000173894
MASCULINO,HARRY,223,0.000173118
MASCULINO,FARID,223,0.000173118
MASCULINO,ADRIANO,223,0.000173118
MASCULINO,ELIBERTO,220,0.000170789
MASCULINO,ERIC,217,0.00016846
MASCULINO,PLINIO,217,0.00016846
MASCULINO,RONAL,216,0.000167684
MASCULINO,ANSELMO,215,0.000166907
MASCULINO,JOSELIN,215,0.000166907
MASCULINO,ARLES,213,0.000165355
MASCULINO,ARCADIO,213,0.000165355
MASCULINO,RICAURTE,213,0.000165355
MASCULINO,ALDO,213,0.000165355
MASCULINO,ROSEMBERG,212,0.000164578
MASCULINO,ERASMO,212,0.000164578
MASCULINO,DUMAR,209,0.000162249
MASCULINO,ARCENIO,208,0.000161473
MASCULINO,DIOMEDES,206,0.00015992
MASCULINO,WILTON,202,0.000156815
MASCULINO,UBEIMAR,202,0.000156815
MASCULINO,HENRRY,201,0.000156039
MASCULINO,DENIS,199,0.000154486
MASCULINO,GIOVANY,199,0.000154486
MASCULINO,SAMIR,198,0.00015371
MASCULINO,VIDAL,198,0.00015371
MASCULINO,EUSEBIO,196,0.000152157
MASCULINO,FAUSTINO,196,0.000152157
MASCULINO,BENITO,196,0.000152157
MASCULINO,JACINTO,196,0.000152157
MASCULINO,WEIMAR,195,0.000151381
MASCULINO,CARMELO,193,0.000149828
MASCULINO,LINO,192,0.000149052
MASCULINO,WILINTON,192,0.000149052
MASCULINO,HOLMAN,190,0.000147499
MASCULINO,YAIR,190,0.000147499
MASCULINO,BOLIVAR,189,0.000146723
MASCULINO,GILBERT,189,0.000146723
MASCULINO,ROBER,189,0.000146723
MASCULINO,BYRON,189,0.000146723
MASCULINO,WILFRIDO,189,0.000146723
MASCULINO,HELIODORO,188,0.000145947
MASCULINO,DOUGLAS,188,0.000145947
MASCULINO,RITO,187,0.00014517
MASCULINO,YIMMY,186,0.000144394
MASCULINO,OTTO,186,0.000144394
MASCULINO,ADELMO,186,0.000144394
MASCULINO,SAULO,185,0.000143618
MASCULINO,YAMID,185,0.000143618
MASCULINO,FAIVER,184,0.000142842
MASCULINO,OVER,184,0.000142842
MASCULINO,REYNALDO,183,0.000142065
MASCULINO,ROSENDO,183,0.000142065
MASCULINO,JOHANN,183,0.000142065
MASCULINO,TOBIAS,182,0.000141289
MASCULINO,EDGARD,182,0.000141289
MASCULINO,DONALDO,181,0.000140513
MASCULINO,TIBERIO,180,0.000139736
MASCULINO,ABSALON,180,0.000139736
MASCULINO,HANS,180,0.000139736
MASCULINO,JHONATAN,178,0.000138184
MASCULINO,ERIK,177,0.000137407
MASCULINO,BENEDICTO,177,0.000137407
MASCULINO,JACOBO,176,0.000136631
MASCULINO,AVELINO,175,0.000135855
MASCULINO,LENIN,175,0.000135855
MASCULINO,JERSON,174,0.000135078
MASCULINO,OLIVER,173,0.000134302
MASCULINO,BRAULIO,171,0.000132749
MASCULINO,PAULINO,171,0.000132749
MASCULINO,CLEMENTE,171,0.000132749
MASCULINO,ARGIRO,170,0.000131973
MASCULINO,DIMAS,170,0.000131973
MASCULINO,RICHAR,169,0.000131197
MASCULINO,EUDORO,169,0.000131197
MASCULINO,DIONISIO,168,0.000130421
MASCULINO,MELQUISEDEC,166,0.000128868
MASCULINO,YOHN,163,0.000126539
MASCULINO,EULISES,163,0.000126539
MASCULINO,JOVANNY,163,0.000126539
MASCULINO,JAIVER,163,0.000126539
MASCULINO,ESNEIDER,162,0.000125763
MASCULINO,ERNEY,162,0.000125763
MASCULINO,FRAY,162,0.000125763
MASCULINO,EDMUNDO,161,0.000124986
MASCULINO,WALTHER,160,0.00012421
MASCULINO,DUVER,160,0.00012421
MASCULINO,YEZID,159,0.000123434
MASCULINO,BAYRON,159,0.000123434
MASCULINO,YAMIL,158,0.000122657
MASCULINO,EVARISTO,157,0.000121881
MASCULINO,DEMETRIO,156,0.000121105
MASCULINO,RUPERTO,154,0.000119552
MASCULINO,YON,153,0.000118776
MASCULINO,AMADO,153,0.000118776
MASCULINO,CHARLES,153,0.000118776
MASCULINO,BERTULFO,152,0.000118
MASCULINO,DANY,152,0.000118
MASCULINO,DORIAN,151,0.000117223
MASCULINO,GIANCARLO,151,0.000117223
MASCULINO,DUBER,151,0.000117223
MASCULINO,FLORENCIO,149,0.000115671
MASCULINO,CELSO,147,0.000114118
MASCULINO,WILIAM,147,0.000114118
MASCULINO,HERBERT,147,0.000114118
MASCULINO,GIOVANI,146,0.000113342
MASCULINO,YOBANY,146,0.000113342
MASCULINO,HIPOLITO,146,0.000113342
MASCULINO,OSMAN,145,0.000112565
MASCULINO,JOSELITO,145,0.000112565
MASCULINO,ISAURO,145,0.000112565
MASCULINO,HAMILTON,145,0.000112565
MASCULINO,AICARDO,144,0.000111789
MASCULINO,AZAEL,144,0.000111789
MASCULINO,ELEAZAR,144,0.000111789
MASCULINO,FAIBER,143,0.000111013
MASCULINO,CRUZ,143,0.000111013
MASCULINO,OLIMPO,141,0.00010946
MASCULINO,ARNOLD,141,0.00010946
MASCULINO,CLIMACO,140,0.000108684
MASCULINO,MODESTO,140,0.000108684
MASCULINO,REYES,139,0.000107907
MASCULINO,PORFIRIO,139,0.000107907
MASCULINO,WILLINTON,138,0.000107131
MASCULINO,JIMY,138,0.000107131
MASCULINO,BLAS,138,0.000107131
MASCULINO,DEIBY,137,0.000106355
MASCULINO,NEIL,137,0.000106355
MASCULINO,URBANO,136,0.000105579
MASCULINO,REYNEL,136,0.000105579
MASCULINO,CARMEN,135,0.000104802
MASCULINO,FERNAN,135,0.000104802
MASCULINO,HELIO,134,0.000104026
MASCULINO,NIRAY,133,0.00010325
MASCULINO,ELIO,133,0.00010325
MASCULINO,MICHEL,133,0.00010325
MASCULINO,JEREMIAS,133,0.00010325
MASCULINO,MESIAS,132,0.000102473
MASCULINO,BAYARDO,132,0.000102473
MASCULINO,HOLMES,132,0.000102473
MASCULINO,FERLEY,131,0.000101697
MASCULINO,YONNY,131,0.000101697
MASCULINO,BENIGNO,131,0.000101697
MASCULINO,JERONIMO,130,0.000100921
MASCULINO,FILIBERTO,130,0.000100921
MASCULINO,AURELIANO,130,0.000100921
MASCULINO,JONH,130,0.000100921
MASCULINO,SILVERIO,129,0.000100144
MASCULINO,JOVANY,129,0.000100144
MASCULINO,YIMY,129,0.000100144
MASCULINO,CONSTANTINO,129,0.000100144
MASCULINO,JAHIR,128,9.94E-05
MASCULINO,DELFIN,128,9.94E-05
MASCULINO,JACKSON,128,9.94E-05
MASCULINO,EVERARDO,127,9.86E-05
MASCULINO,GEOVANY,127,9.86E-05
MASCULINO,ANGELMIRO,126,9.78E-05
MASCULINO,SIMEON,126,9.78E-05
MASCULINO,JHONN,125,9.70E-05
MASCULINO,BRIAN,125,9.70E-05
MASCULINO,ROMEL,124,9.63E-05
MASCULINO,AMILCAR,123,9.55E-05
MASCULINO,HELMAN,123,9.55E-05
MASCULINO,CALIXTO,122,9.47E-05
MASCULINO,APOLINAR,122,9.47E-05
MASCULINO,HONORIO,122,9.47E-05
MASCULINO,OBDULIO,122,9.47E-05
MASCULINO,WBEIMAR,121,9.39E-05
MASCULINO,FROILAN,121,9.39E-05
MASCULINO,EPIFANIO,119,9.24E-05
MASCULINO,GEOVANNI,119,9.24E-05
MASCULINO,YIMI,118,9.16E-05
MASCULINO,ALAIN,118,9.16E-05
MASCULINO,ABDON,118,9.16E-05
MASCULINO,ILDEFONSO,118,9.16E-05
MASCULINO,FRANKY,117,9.08E-05
MASCULINO,ISIDORO,117,9.08E-05
MASCULINO,NARCISO,116,9.01E-05
MASCULINO,MATEO,116,9.01E-05
MASCULINO,ANDREY,116,9.01E-05
MASCULINO,YERSON,116,9.01E-05
MASCULINO,HEBERTH,116,9.01E-05
MASCULINO,JAMIR,116,9.01E-05
MASCULINO,REGULO,115,8.93E-05
MASCULINO,DUBAN,115,8.93E-05
MASCULINO,BAUDILIO,115,8.93E-05
MASCULINO,JAMER,114,8.85E-05
MASCULINO,LEONCIO,114,8.85E-05
MASCULINO,JOHNSON,114,8.85E-05
MASCULINO,ITALO,114,8.85E-05
MASCULINO,MAXIMO,114,8.85E-05
MASCULINO,JAIBER,113,8.77E-05
MASCULINO,PROSPERO,113,8.77E-05
MASCULINO,POMPILIO,113,8.77E-05
MASCULINO,HEVER,113,8.77E-05
MASCULINO,PLACIDO,112,8.69E-05
MASCULINO,LARRY,112,8.69E-05
MASCULINO,SAID,111,8.62E-05
MASCULINO,EULER,111,8.62E-05
MASCULINO,JONATAN,111,8.62E-05
MASCULINO,ROOSEVELT,111,8.62E-05
MASCULINO,OSMAR,111,8.62E-05
MASCULINO,ANYELO,110,8.54E-05
MASCULINO,JUSTINIANO,109,8.46E-05
MASCULINO,PLUTARCO,108,8.38E-05
MASCULINO,OLEGARIO,108,8.38E-05
MASCULINO,GELMAN,108,8.38E-05
MASCULINO,WILLIAMS,108,8.38E-05
MASCULINO,DUBIAN,107,8.31E-05
MASCULINO,DAMIAN,107,8.31E-05
MASCULINO,WISTON,106,8.23E-05
MASCULINO,FLORIBERTO,106,8.23E-05
MASCULINO,JACOB,105,8.15E-05
MASCULINO,FLAMINIO,105,8.15E-05
MASCULINO,HOLLMAN,105,8.15E-05
MASCULINO,EDIXON,105,8.15E-05
MASCULINO,GANDHI,104,8.07E-05
MASCULINO,ROLAND,104,8.07E-05
MASCULINO,STEVEN,104,8.07E-05
MASCULINO,LUBIN,103,8.00E-05
MASCULINO,YUBER,103,8.00E-05
MASCULINO,YURI,102,7.92E-05
MASCULINO,JANER,102,7.92E-05
MASCULINO,FLORESMIRO,102,7.92E-05
MASCULINO,LEIDER,102,7.92E-05
MASCULINO,WILLY,102,7.92E-05
MASCULINO,GELVER,102,7.92E-05
MASCULINO,ARNALDO,102,7.92E-05
MASCULINO,ELEUTERIO,102,7.92E-05
MASCULINO,EDDY,101,7.84E-05
MASCULINO,EMIGDIO,101,7.84E-05
MASCULINO,ESAU,100,7.76E-05
MASCULINO,MARCIAL,100,7.76E-05
MASCULINO,GIL,100,7.76E-05
MASCULINO,RODULFO,100,7.76E-05
MASCULINO,ROBIN,99,7.69E-05
MASCULINO,LAURENTINO,99,7.69E-05
MASCULINO,VALENTIN,99,7.69E-05
MASCULINO,EVANGELISTA,99,7.69E-05
MASCULINO,YONY,98,7.61E-05
MASCULINO,HERMANN,98,7.61E-05
MASCULINO,YOVANI,98,7.61E-05
MASCULINO,OLMES,98,7.61E-05
MASCULINO,INOCENCIO,97,7.53E-05
MASCULINO,ELIBARDO,96,7.45E-05
MASCULINO,WILIAN,96,7.45E-05
MASCULINO,YOVANNI,96,7.45E-05
MASCULINO,MARCEL,96,7.45E-05
MASCULINO,ALAN,96,7.45E-05
MASCULINO,TIRSO,96,7.45E-05
MASCULINO,BUENAVENTURA,96,7.45E-05
MASCULINO,ARVEY,96,7.45E-05
MASCULINO,JAROL,95,7.37E-05
MASCULINO,ROBERTH,95,7.37E-05
MASCULINO,DONAIRES,95,7.37E-05
MASCULINO,DUVERNEY,94,7.30E-05
MASCULINO,EBER,94,7.30E-05
MASCULINO,ULPIANO,94,7.30E-05
MASCULINO,SILVESTRE,94,7.30E-05
MASCULINO,JASON,94,7.30E-05
MASCULINO,LIZARDO,94,7.30E-05
MASCULINO,EDELBERTO,93,7.22E-05
MASCULINO,MARLIO,93,7.22E-05
MASCULINO,JAINER,93,7.22E-05
MASCULINO,JON,93,7.22E-05
MASCULINO,FREY,93,7.22E-05
MASCULINO,TRIGELIO,93,7.22E-05
MASCULINO,MERARDO,92,7.14E-05
MASCULINO,TEODORO,92,7.14E-05
MASCULINO,SABINO,92,7.14E-05
MASCULINO,ONOFRE,92,7.14E-05
MASCULINO,FARLEY,91,7.06E-05
MASCULINO,EXPEDITO,91,7.06E-05
MASCULINO,ARSENIO,91,7.06E-05
MASCULINO,ULDARICO,91,7.06E-05
MASCULINO,YURY,91,7.06E-05
MASCULINO,NEL,90,6.99E-05
MASCULINO,BERNARDINO,90,6.99E-05
MASCULINO,HARRISON,90,6.99E-05
MASCULINO,YEISSON,90,6.99E-05
MASCULINO,YOHAN,90,6.99E-05
MASCULINO,ALBER,90,6.99E-05
MASCULINO,NEVARDO,90,6.99E-05
MASCULINO,BALTAZAR,90,6.99E-05
MASCULINO,DEIVIS,89,6.91E-05
MASCULINO,NODIER,89,6.91E-05
MASCULINO,REMBERTO,89,6.91E-05
MASCULINO,ELI,89,6.91E-05
MASCULINO,FANOR,89,6.91E-05
MASCULINO,FRANZ,89,6.91E-05
MASCULINO,JOHNN,89,6.91E-05
MASCULINO,WINSTON,89,6.91E-05
MASCULINO,EDSON,88,6.83E-05
MASCULINO,SAMY,88,6.83E-05
MASCULINO,NUMAEL,88,6.83E-05
MASCULINO,ANTONY,88,6.83E-05
MASCULINO,FRAN,88,6.83E-05
MASCULINO,WILDEMAN,88,6.83E-05
MASCULINO,EDICSON,88,6.83E-05
MASCULINO,ARCANGEL,88,6.83E-05
MASCULINO,ANUAR,88,6.83E-05
MASCULINO,EUTIMIO,87,6.75E-05
MASCULINO,EYDER,87,6.75E-05
MASCULINO,ARNOL,86,6.68E-05
MASCULINO,RUBER,86,6.68E-05
MASCULINO,LEOVIGILDO,86,6.68E-05
MASCULINO,YEFERSON,85,6.60E-05
MASCULINO,SEVERO,85,6.60E-05
MASCULINO,JEFERSON,85,6.60E-05
MASCULINO,ERVIN,85,6.60E-05
MASCULINO,BILLY,85,6.60E-05
MASCULINO,JENARO,84,6.52E-05
MASCULINO,KEVIN,84,6.52E-05
MASCULINO,HELBERTH,84,6.52E-05
MASCULINO,EDWING,84,6.52E-05
MASCULINO,HELIBERTO,83,6.44E-05
MASCULINO,LACIDES,83,6.44E-05
MASCULINO,LISIMACO,83,6.44E-05
MASCULINO,JHOAN,83,6.44E-05
MASCULINO,UBERNEY,83,6.44E-05
MASCULINO,EDDIE,83,6.44E-05
MASCULINO,CIPRIANO,83,6.44E-05
MASCULINO,NORVEY,83,6.44E-05
MASCULINO,PUBLIO,83,6.44E-05
MASCULINO,CECILIO,83,6.44E-05
MASCULINO,ELQUIN,82,6.37E-05
MASCULINO,LUDWING,82,6.37E-05
MASCULINO,GERSAIN,82,6.37E-05
MASCULINO,BERNABE,82,6.37E-05
MASCULINO,ISNARDO,82,6.37E-05
MASCULINO,HERMOGENES,82,6.37E-05
MASCULINO,HARBEY,82,6.37E-05
MASCULINO,ABRAHAN,81,6.29E-05
MASCULINO,MAXIMINO,81,6.29E-05
MASCULINO,CELIO,81,6.29E-05
MASCULINO,CORNELIO,80,6.21E-05
MASCULINO,DORANCE,80,6.21E-05
MASCULINO,ROBEIRO,79,6.13E-05
MASCULINO,SADY,79,6.13E-05
MASCULINO,HEIDER,79,6.13E-05
MASCULINO,ERIBERTO,78,6.06E-05
MASCULINO,AMADEO,78,6.06E-05
MASCULINO,DEIBER,78,6.06E-05
MASCULINO,ELDER,78,6.06E-05
MASCULINO,WALDO,78,6.06E-05
MASCULINO,JONY,78,6.06E-05
MASCULINO,FABRICIO,78,6.06E-05
MASCULINO,MIYER,78,6.06E-05
MASCULINO,AQUILEO,77,5.98E-05
MASCULINO,EMILSON,77,5.98E-05
MASCULINO,ELIGIO,77,5.98E-05
MASCULINO,FREDI,76,5.90E-05
MASCULINO,OLIVO,76,5.90E-05
MASCULINO,VITALIANO,76,5.90E-05
MASCULINO,NICANOR,76,5.90E-05
MASCULINO,HERALDO,76,5.90E-05
MASCULINO,DESIDERIO,75,5.82E-05
MASCULINO,AMIN,75,5.82E-05
MASCULINO,QUERUBIN,75,5.82E-05
MASCULINO,FABRICIANO,74,5.74E-05
MASCULINO,ORLEY,74,5.74E-05
MASCULINO,GRACIANO,74,5.74E-05
MASCULINO,OBED,74,5.74E-05
MASCULINO,MATIAS,74,5.74E-05
MASCULINO,LEYDER,74,5.74E-05
MASCULINO,OCTAVIANO,74,5.74E-05
MASCULINO,RUSBEL,73,5.67E-05
MASCULINO,BRUNO,73,5.67E-05
MASCULINO,HUBERNEY,73,5.67E-05
MASCULINO,BELARMINO,73,5.67E-05
MASCULINO,JIOVANNY,72,5.59E-05
MASCULINO,NABOR,72,5.59E-05
MASCULINO,GALO,72,5.59E-05
MASCULINO,LELIO,72,5.59E-05
MASCULINO,RUFINO,72,5.59E-05
MASCULINO,JHONATHAN,71,5.51E-05
MASCULINO,CELESTINO,71,5.51E-05
MASCULINO,REINERIO,71,5.51E-05
MASCULINO,ODILIO,71,5.51E-05
MASCULINO,WILFRAN,71,5.51E-05
MASCULINO,WILVER,71,5.51E-05
MASCULINO,AQUILINO,71,5.51E-05
MASCULINO,DILSON,71,5.51E-05
MASCULINO,EBERTO,71,5.51E-05
MASCULINO,COSME,71,5.51E-05
MASCULINO,DIONICIO,71,5.51E-05
MASCULINO,LIBORIO,71,5.51E-05
MASCULINO,WILFRED,71,5.51E-05
MASCULINO,JUSTINO,71,5.51E-05
MASCULINO,HERMIDES,70,5.43E-05
MASCULINO,AIMER,70,5.43E-05
MASCULINO,NAIRO,70,5.43E-05
MASCULINO,JONNATHAN,70,5.43E-05
MASCULINO,OLMER,70,5.43E-05
MASCULINO,RENATO,70,5.43E-05
MASCULINO,PIO,70,5.43E-05
MASCULINO,TONY,70,5.43E-05
MASCULINO,HERMINIO,70,5.43E-05
MASCULINO,BRYAN,70,5.43E-05
MASCULINO,ANDREI,69,5.36E-05
MASCULINO,ABELINO,69,5.36E-05
MASCULINO,HUBERT,69,5.36E-05
MASCULINO,NILTON,68,5.28E-05
MASCULINO,RENZO,68,5.28E-05
MASCULINO,ZAMIR,68,5.28E-05
MASCULINO,ISAI,68,5.28E-05
MASCULINO,HERMINSO,68,5.28E-05
MASCULINO,HELDER,68,5.28E-05
MASCULINO,TARCISIO,68,5.28E-05
MASCULINO,GEORGE,68,5.28E-05
MASCULINO,JANIER,67,5.20E-05
MASCULINO,DRIGELIO,67,5.20E-05
MASCULINO,BAIRON,67,5.20E-05
MASCULINO,FIDELIGNO,67,5.20E-05
MASCULINO,FEDERMAN,67,5.20E-05
MASCULINO,MAX,67,5.20E-05
MASCULINO,ALEXI,67,5.20E-05
MASCULINO,YIMER,67,5.20E-05
MASCULINO,ROSO,67,5.20E-05
MASCULINO,HIGINIO,66,5.12E-05
MASCULINO,POLICARPO,66,5.12E-05
MASCULINO,EVERT,66,5.12E-05
MASCULINO,LEO,66,5.12E-05
MASCULINO,IGOR,66,5.12E-05
MASCULINO,LAURENCIO,66,5.12E-05
MASCULINO,YAMITH,66,5.12E-05
MASCULINO,JOHON,66,5.12E-05
MASCULINO,DUVIER,65,5.05E-05
MASCULINO,SILVANO,65,5.05E-05
MASCULINO,WILLYAM,65,5.05E-05
MASCULINO,HILARIO,65,5.05E-05
MASCULINO,EUDES,65,5.05E-05
MASCULINO,EGIDIO,65,5.05E-05
MASCULINO,SENEN,64,4.97E-05
MASCULINO,CEFERINO,64,4.97E-05
MASCULINO,AMILTON,64,4.97E-05
MASCULINO,ENYER,64,4.97E-05
MASCULINO,PATRICIO,64,4.97E-05
MASCULINO,OSBALDO,64,4.97E-05
MASCULINO,ELOY,63,4.89E-05
MASCULINO,FORTUNATO,63,4.89E-05
MASCULINO,LISBO,63,4.89E-05
MASCULINO,LEONARD,63,4.89E-05
MASCULINO,CELIMO,63,4.89E-05
MASCULINO,JEYSON,63,4.89E-05
MASCULINO,EURIPIDES,63,4.89E-05
MASCULINO,WILFREDY,63,4.89E-05
MASCULINO,EIMAR,63,4.89E-05
MASCULINO,ANANIAS,63,4.89E-05
MASCULINO,URIAS,63,4.89E-05
MASCULINO,ENOC,62,4.81E-05
MASCULINO,JACK,62,4.81E-05
MASCULINO,PEREGRINO,62,4.81E-05
MASCULINO,BRAYAN,62,4.81E-05
MASCULINO,HERMINSUL,62,4.81E-05
MASCULINO,ALVENIS,62,4.81E-05
MASCULINO,DEIVY,62,4.81E-05
MASCULINO,MARCELIANO,62,4.81E-05
MASCULINO,EDIL,62,4.81E-05
MASCULINO,PETER,62,4.81E-05
MASCULINO,ARTEMIO,62,4.81E-05
MASCULINO,GRACILIANO,62,4.81E-05
MASCULINO,SATURNINO,62,4.81E-05
MASCULINO,GERLY,62,4.81E-05
MASCULINO,DIDIMO,62,4.81E-05
MASCULINO,JHAN,61,4.74E-05
MASCULINO,CESAREO,61,4.74E-05
MASCULINO,YEINER,61,4.74E-05
MASCULINO,BLADIMIRO,61,4.74E-05
MASCULINO,ELBERT,61,4.74E-05
MASCULINO,GRATINIANO,61,4.74E-05
MASCULINO,OLVER,61,4.74E-05
MASCULINO,RAIMUNDO,61,4.74E-05
MASCULINO,EUCARIO,61,4.74E-05
MASCULINO,ALI,60,4.66E-05
MASCULINO,TRINO,60,4.66E-05
MASCULINO,GELBER,60,4.66E-05
MASCULINO,YEBRAIL,60,4.66E-05
MASCULINO,ALBINO,60,4.66E-05
MASCULINO,LIZANDRO,60,4.66E-05
MASCULINO,ECCEHOMO,59,4.58E-05
MASCULINO,DARLEY,59,4.58E-05
MASCULINO,FAVIAN,59,4.58E-05
MASCULINO,BAUTISTA,59,4.58E-05
MASCULINO,EDY,59,4.58E-05
MASCULINO,YONI,59,4.58E-05
MASCULINO,WILLSON,59,4.58E-05
MASCULINO,VALERIO,59,4.58E-05
MASCULINO,HELMUTH,59,4.58E-05
MASCULINO,MAICOL,59,4.58E-05
MASCULINO,EMIR,59,4.58E-05
MASCULINO,INDALECIO,58,4.50E-05
MASCULINO,JOSEPH,58,4.50E-05
MASCULINO,GUIOVANNI,58,4.50E-05
MASCULINO,EIVAR,58,4.50E-05
MASCULINO,ABDUL,58,4.50E-05
MASCULINO,CLODOMIRO,58,4.50E-05
MASCULINO,YAN,58,4.50E-05
MASCULINO,SANTANDER,57,4.42E-05
MASCULINO,ALEXANDRO,57,4.42E-05
MASCULINO,AGAPITO,57,4.42E-05
MASCULINO,YILMAR,56,4.35E-05
MASCULINO,YEFER,56,4.35E-05
MASCULINO,ERICH,56,4.35E-05
MASCULINO,FIDENCIO,56,4.35E-05
MASCULINO,FELICIANO,56,4.35E-05
MASCULINO,ORIOL,56,4.35E-05
MASCULINO,BALDOMERO,56,4.35E-05
MASCULINO,EVERTH,56,4.35E-05
MASCULINO,TEODULO,56,4.35E-05
MASCULINO,ANGELINO,56,4.35E-05
MASCULINO,DAYRON,56,4.35E-05
MASCULINO,YAMEL,55,4.27E-05
MASCULINO,WENCESLAO,55,4.27E-05
MASCULINO,EULOGIO,55,4.27E-05
MASCULINO,OLGER,55,4.27E-05
MASCULINO,CAYETANO,55,4.27E-05
MASCULINO,MARDOQUEO,55,4.27E-05
MASCULINO,GEOVANI,55,4.27E-05
MASCULINO,EULICES,55,4.27E-05
MASCULINO,FLORO,55,4.27E-05
MASCULINO,SALIM,55,4.27E-05
MASCULINO,OSKAR,54,4.19E-05
MASCULINO,IBAN,54,4.19E-05
MASCULINO,PARMENIDES,54,4.19E-05
MASCULINO,HARLEY,54,4.19E-05
MASCULINO,VICTORIANO,54,4.19E-05
MASCULINO,MARVIN,54,4.19E-05
MASCULINO,WILLER,53,4.11E-05
MASCULINO,PHANOR,53,4.11E-05
MASCULINO,FREDYS,53,4.11E-05
MASCULINO,BONIFACIO,53,4.11E-05
MASCULINO,FRANCIS,53,4.11E-05
MASCULINO,REMIGIO,53,4.11E-05
MASCULINO,WILLAN,53,4.11E-05
MASCULINO,SAIN,53,4.11E-05
MASCULINO,FREDIS,53,4.11E-05
MASCULINO,GILMER,53,4.11E-05
MASCULINO,POLO,53,4.11E-05
MASCULINO,HARVY,53,4.11E-05
MASCULINO,JHOVANY,53,4.11E-05
MASCULINO,WILLAM,53,4.11E-05
MASCULINO,SALUSTIANO,53,4.11E-05
MASCULINO,ALEJO,53,4.11E-05
MASCULINO,FLABIO,53,4.11E-05
MASCULINO,SECUNDINO,52,4.04E-05
MASCULINO,FERNELLY,52,4.04E-05
MASCULINO,KENNEDY,52,4.04E-05
MASCULINO,GENRRY,52,4.04E-05
MASCULINO,DONALD,52,4.04E-05
MASCULINO,ROY,52,4.04E-05
MASCULINO,JHONSON,52,4.04E-05
MASCULINO,PACIFICO,52,4.04E-05
MASCULINO,MEYER,52,4.04E-05
MASCULINO,DEIVI,52,4.04E-05
MASCULINO,LINDER,52,4.04E-05
MASCULINO,JENRY,52,4.04E-05
MASCULINO,FILADELFO,51,3.96E-05
MASCULINO,LISARDO,51,3.96E-05
MASCULINO,JOHANNY,51,3.96E-05
MASCULINO,WILINGTON,51,3.96E-05
MASCULINO,GIRALDO,51,3.96E-05
MASCULINO,OLMAN,51,3.96E-05
MASCULINO,HEBERTO,51,3.96E-05
MASCULINO,BREINER,51,3.96E-05
MASCULINO,DIXON,51,3.96E-05
MASCULINO,FRED,51,3.96E-05
MASCULINO,GILBER,51,3.96E-05
MASCULINO,PATROCINIO,51,3.96E-05
MASCULINO,HADER,51,3.96E-05
MASCULINO,APARICIO,51,3.96E-05
MASCULINO,DENNIS,51,3.96E-05
MASCULINO,CUSTODIO,51,3.96E-05
MASCULINO,JAN,51,3.96E-05
MASCULINO,FERNELY,50,3.88E-05
MASCULINO,EINAR,50,3.88E-05
MASCULINO,GUIOVANNY,50,3.88E-05
MASCULINO,ROMMEL,50,3.88E-05
MASCULINO,DAGO,50,3.88E-05
MASCULINO,DAIRON,50,3.88E-05
MASCULINO,MANOLO,50,3.88E-05
MASCULINO,NEMESIO,50,3.88E-05
MASCULINO,PRIMITIVO,50,3.88E-05
MASCULINO,YIMMI,49,3.80E-05
MASCULINO,MELQUICEDEC,49,3.80E-05
MASCULINO,EUSTORGIO,49,3.80E-05
MASCULINO,GIAN,49,3.80E-05
MASCULINO,GEORLIN,49,3.80E-05
MASCULINO,WILBERTO,49,3.80E-05
MASCULINO,NORIEL,49,3.80E-05
MASCULINO,ROSSO,49,3.80E-05
MASCULINO,CAMPOS,49,3.80E-05
MASCULINO,FLOVER,49,3.80E-05
MASCULINO,EDIN,49,3.80E-05
MASCULINO,CRISOSTOMO,49,3.80E-05
MASCULINO,FULGENCIO,48,3.73E-05
MASCULINO,CRISTIAM,48,3.73E-05
MASCULINO,VENANCIO,48,3.73E-05
MASCULINO,MESA,48,3.73E-05
MASCULINO,LIBANIEL,48,3.73E-05
MASCULINO,AMAURY,48,3.73E-05
MASCULINO,ALFRED,48,3.73E-05
MASCULINO,GONZAGA,48,3.73E-05
MASCULINO,BANNER,48,3.73E-05
MASCULINO,LINDERMAN,48,3.73E-05
MASCULINO,IADER,47,3.65E-05
MASCULINO,JUNIOR,47,3.65E-05
MASCULINO,ERLEY,47,3.65E-05
MASCULINO,JERVACIO,47,3.65E-05
MASCULINO,DURLANDY,47,3.65E-05
MASCULINO,JHOJAN,47,3.65E-05
MASCULINO,FRANKLYN,47,3.65E-05
MASCULINO,BENICIO,47,3.65E-05
MASCULINO,JHONATTAN,47,3.65E-05
MASCULINO,YAMIT,46,3.57E-05
MASCULINO,JAILER,46,3.57E-05
MASCULINO,ELIER,46,3.57E-05
MASCULINO,ROGERIO,46,3.57E-05
MASCULINO,EIBER,46,3.57E-05
MASCULINO,LEVI,46,3.57E-05
MASCULINO,JOHANY,46,3.57E-05
MASCULINO,GAMALIEL,46,3.57E-05
MASCULINO,MARCOLINO,46,3.57E-05
MASCULINO,RUDECINDO,46,3.57E-05
MASCULINO,HOSMAN,46,3.57E-05
MASCULINO,DINAEL,46,3.57E-05
MASCULINO,JHONIER,46,3.57E-05
MASCULINO,DIOMAR,45,3.49E-05
MASCULINO,EMEL,45,3.49E-05
MASCULINO,OLINTO,45,3.49E-05
MASCULINO,IRNE,45,3.49E-05
MASCULINO,LEIBER,45,3.49E-05
MASCULINO,EINER,45,3.49E-05
MASCULINO,LUCINIO,45,3.49E-05
MASCULINO,SILVINO,45,3.49E-05
MASCULINO,ELICEO,45,3.49E-05
MASCULINO,JEFERSSON,45,3.49E-05
MASCULINO,ALIPIO,45,3.49E-05
MASCULINO,AYMER,44,3.42E-05
MASCULINO,ADONAY,44,3.42E-05
MASCULINO,POLIDORO,44,3.42E-05
MASCULINO,JOHNATAN,44,3.42E-05
MASCULINO,CRISTO,44,3.42E-05
MASCULINO,GENER,44,3.42E-05
MASCULINO,YILBER,44,3.42E-05
MASCULINO,HENRI,44,3.42E-05
MASCULINO,YAMIR,44,3.42E-05
MASCULINO,ROBERTULIO,44,3.42E-05
MASCULINO,HILDER,44,3.42E-05
MASCULINO,LIDER,44,3.42E-05
MASCULINO,CELEDONIO,44,3.42E-05
MASCULINO,TIMOLEON,43,3.34E-05
MASCULINO,HERSON,43,3.34E-05
MASCULINO,DANI,43,3.34E-05
MASCULINO,RUBIO,43,3.34E-05
MASCULINO,ALLAN,43,3.34E-05
MASCULINO,NEIDER,43,3.34E-05
MASCULINO,HUVER,43,3.34E-05
MASCULINO,NELSO,43,3.34E-05
MASCULINO,ANDERSSON,43,3.34E-05
MASCULINO,ASAEL,42,3.26E-05
MASCULINO,ARGELIO,42,3.26E-05
MASCULINO,DEIVID,42,3.26E-05
MASCULINO,JHEYSON,42,3.26E-05
MASCULINO,EDUWIN,42,3.26E-05
MASCULINO,RUBERT,42,3.26E-05
MASCULINO,YADIR,42,3.26E-05
MASCULINO,ONESIMO,42,3.26E-05
MASCULINO,ALMIS,42,3.26E-05
MASCULINO,HEIBER,42,3.26E-05
MASCULINO,ANTENOR,42,3.26E-05
MASCULINO,GENRY,42,3.26E-05
MASCULINO,LIDERMAN,42,3.26E-05
MASCULINO,JOE,42,3.26E-05
MASCULINO,SLEIMAN,42,3.26E-05
MASCULINO,AUSBERTO,41,3.18E-05
MASCULINO,HERMENEGILDO,41,3.18E-05
MASCULINO,HELY,41,3.18E-05
MASCULINO,EDRIS,41,3.18E-05
MASCULINO,HELMUT,41,3.18E-05
MASCULINO,ESNEYDER,41,3.18E-05
MASCULINO,EIVER,41,3.18E-05
MASCULINO,FACUNDO,41,3.18E-05
MASCULINO,MARTINIANO,41,3.18E-05
MASCULINO,ADIEL,41,3.18E-05
MASCULINO,PAOLO,41,3.18E-05
MASCULINO,JHAIR,41,3.18E-05
MASCULINO,EDDIER,41,3.18E-05
MASCULINO,FAVER,40,3.11E-05
MASCULINO,VITELIO,40,3.11E-05
MASCULINO,ARY,40,3.11E-05
MASCULINO,ARNUBIO,40,3.11E-05
MASCULINO,DAVIER,40,3.11E-05
MASCULINO,GABINO,40,3.11E-05
MASCULINO,TONNY,40,3.11E-05
MASCULINO,JOVANI,40,3.11E-05
MASCULINO,JHONNATAN,40,3.11E-05
MASCULINO,NILO,40,3.11E-05
MASCULINO,DEIRO,40,3.11E-05
MASCULINO,EMIL,40,3.11E-05
MASCULINO,YONIER,40,3.11E-05
MASCULINO,MIKE,40,3.11E-05
MASCULINO,YOHANY,40,3.11E-05
MASCULINO,HEILER,40,3.11E-05
MASCULINO,EPAMINONDAS,40,3.11E-05
MASCULINO,FULVIO,40,3.11E-05
MASCULINO,ELBERTO,40,3.11E-05
MASCULINO,DAYRO,40,3.11E-05
MASCULINO,DILMER,40,3.11E-05
MASCULINO,IDELFONSO,40,3.11E-05
MASCULINO,BERCELI,40,3.11E-05
MASCULINO,HEINER,40,3.11E-05
MASCULINO,ERMES,40,3.11E-05
MASCULINO,DIONEL,40,3.11E-05
MASCULINO,HOVER,40,3.11E-05
MASCULINO,GAMALIER,40,3.11E-05
MASCULINO,LIBER,39,3.03E-05
MASCULINO,ORLAY,39,3.03E-05
MASCULINO,RIGO,39,3.03E-05
MASCULINO,YILVER,39,3.03E-05
MASCULINO,ADONAI,39,3.03E-05
MASCULINO,JANIO,39,3.03E-05
MASCULINO,ARIOSTO,39,3.03E-05
MASCULINO,ABDENAGO,39,3.03E-05
MASCULINO,DIOMER,39,3.03E-05
MASCULINO,JHOVANNY,39,3.03E-05
MASCULINO,ELPIDIO,39,3.03E-05
MASCULINO,ROLFE,39,3.03E-05
MASCULINO,DIOS,39,3.03E-05
MASCULINO,BAUDELINO,39,3.03E-05
MASCULINO,TELESFORO,39,3.03E-05
MASCULINO,OBER,39,3.03E-05
MASCULINO,NEVER,38,2.95E-05
MASCULINO,CANDIDO,38,2.95E-05
MASCULINO,GERONIMO,38,2.95E-05
MASCULINO,LIBIO,38,2.95E-05
MASCULINO,RONNY,38,2.95E-05
MASCULINO,EDUCARDO,38,2.95E-05
MASCULINO,NAZARIO,38,2.95E-05
MASCULINO,ARIS,38,2.95E-05
MASCULINO,CASTILLO,38,2.95E-05
MASCULINO,ALEXEI,38,2.95E-05
MASCULINO,GREGORY,38,2.95E-05
MASCULINO,DIOFANOR,38,2.95E-05
MASCULINO,ANATOLIO,38,2.95E-05
MASCULINO,JAISON,38,2.95E-05
MASCULINO,ROGERS,38,2.95E-05
MASCULINO,WALDIR,38,2.95E-05
MASCULINO,JEIBER,38,2.95E-05
MASCULINO,EMMANUEL,38,2.95E-05
MASCULINO,BERARDO,38,2.95E-05
MASCULINO,NAUN,38,2.95E-05
MASCULINO,ERMILSON,37,2.87E-05
MASCULINO,FRANCESCO,37,2.87E-05
MASCULINO,DALADIER,37,2.87E-05
MASCULINO,FERNADO,37,2.87E-05
MASCULINO,EDIEN,37,2.87E-05
MASCULINO,AFRANIO,37,2.87E-05
MASCULINO,EDUER,37,2.87E-05
MASCULINO,HEYDER,37,2.87E-05
MASCULINO,ALBERTH,37,2.87E-05
MASCULINO,FAIDER,37,2.87E-05
MASCULINO,OSWAL,37,2.87E-05
MASCULINO,TELMO,37,2.87E-05
MASCULINO,NEMECIO,37,2.87E-05
MASCULINO,SIDNEY,37,2.87E-05
MASCULINO,CENEN,37,2.87E-05
MASCULINO,HABIB,37,2.87E-05
MASCULINO,ELIADES,37,2.87E-05
MASCULINO,MELQUIADES,37,2.87E-05
MASCULINO,YOANY,37,2.87E-05
MASCULINO,RAHIN,37,2.87E-05
MASCULINO,ASTOR,37,2.87E-05
MASCULINO,CENON,37,2.87E-05
MASCULINO,DIVAR,37,2.87E-05
MASCULINO,ROBINSO,36,2.79E-05
MASCULINO,FILEMON,36,2.79E-05
MASCULINO,ROTTA,36,2.79E-05
MASCULINO,JUBER,36,2.79E-05
MASCULINO,JUANITO,36,2.79E-05
MASCULINO,DUBIER,36,2.79E-05
MASCULINO,ARIOLFO,36,2.79E-05
MASCULINO,SEVERIANO,36,2.79E-05
MASCULINO,EVERS,36,2.79E-05
MASCULINO,AMED,36,2.79E-05
MASCULINO,ROSEMBER,36,2.79E-05
MASCULINO,GILMAR,36,2.79E-05
MASCULINO,DAVIS,36,2.79E-05
MASCULINO,ROMUALDO,36,2.79E-05
MASCULINO,WILLINTONG,36,2.79E-05
MASCULINO,DUVIAN,36,2.79E-05
MASCULINO,ERMINSUL,36,2.79E-05
MASCULINO,BASILIO,35,2.72E-05
MASCULINO,DISNEY,35,2.72E-05
MASCULINO,YEFFERSON,35,2.72E-05
MASCULINO,LUBIAN,35,2.72E-05
MASCULINO,EVENCIO,35,2.72E-05
MASCULINO,HOWARD,35,2.72E-05
MASCULINO,GARY,35,2.72E-05
MASCULINO,EVERALDO,35,2.72E-05
MASCULINO,FHANOR,35,2.72E-05
MASCULINO,SABAS,35,2.72E-05
MASCULINO,MANFRED,35,2.72E-05
MASCULINO,GASTON,35,2.72E-05
MASCULINO,RONY,35,2.72E-05
MASCULINO,ROLAN,35,2.72E-05
MASCULINO,SOCRATES,34,2.64E-05
MASCULINO,NUMAR,34,2.64E-05
MASCULINO,EIBAR,34,2.64E-05
MASCULINO,ADEL,34,2.64E-05
MASCULINO,NEPOMUCENO,34,2.64E-05
MASCULINO,STEVE,34,2.64E-05
MASCULINO,ANDRIW,34,2.64E-05
MASCULINO,GUILERMO,34,2.64E-05
MASCULINO,EULICER,34,2.64E-05
MASCULINO,ANDELFO,34,2.64E-05
MASCULINO,JHONNATHAN,34,2.64E-05
MASCULINO,HAIDER,34,2.64E-05
MASCULINO,HILDE,34,2.64E-05
MASCULINO,WLADIMIR,34,2.64E-05
MASCULINO,NAFER,34,2.64E-05
MASCULINO,JANUARIO,34,2.64E-05
MASCULINO,REINER,34,2.64E-05
MASCULINO,JANNER,34,2.64E-05
MASCULINO,DUSTANO,34,2.64E-05
MASCULINO,YEIMER,34,2.64E-05
MASCULINO,TEOBALDO,33,2.56E-05
MASCULINO,ALEJANDRINO,33,2.56E-05
MASCULINO,GERLEY,33,2.56E-05
MASCULINO,HEMBER,33,2.56E-05
MASCULINO,CARLO,33,2.56E-05
MASCULINO,ANTHONY,33,2.56E-05
FEMENINO,MARIA,213336,0.128042061
FEMENINO,LUZ,87303,0.052398358
FEMENINO,ANA,56817,0.034100976
FEMENINO,MARTHA,45180,0.027116569
FEMENINO,GLORIA,39005,0.023410398
FEMENINO,SANDRA,37861,0.022723781
FEMENINO,CLAUDIA,31494,0.018902373
FEMENINO,DIANA,30597,0.018364003
FEMENINO,BLANCA,28317,0.016995571
FEMENINO,OLGA,21228,0.012740826
FEMENINO,ROSA,20976,0.012589578
FEMENINO,CARMEN,20300,0.01218385
FEMENINO,ADRIANA,17933,0.010763201
FEMENINO,ALBA,15503,0.00930474
FEMENINO,FLOR,14007,0.008406857
FEMENINO,LILIANA,13572,0.008145774
FEMENINO,ANGELA,13221,0.007935107
FEMENINO,MONICA,12539,0.007525778
FEMENINO,BEATRIZ,11781,0.007070834
FEMENINO,NANCY,11144,0.006688514
FEMENINO,CLARA,11049,0.006631496
FEMENINO,GLADYS,11015,0.006611089
FEMENINO,DORA,10827,0.006498253
FEMENINO,LINA,9645,0.005788829
FEMENINO,YOLANDA,9385,0.00563278
FEMENINO,PATRICIA,9240,0.005545752
FEMENINO,MARGARITA,9225,0.00553675
FEMENINO,MYRIAM,9101,0.005462326
FEMENINO,NUBIA,8922,0.005354892
FEMENINO,ELIZABETH,8899,0.005341088
FEMENINO,CAROLINA,8685,0.005212647
FEMENINO,SONIA,8436,0.0050632
FEMENINO,ROSALBA,8372,0.005024788
FEMENINO,AMPARO,8093,0.004857335
FEMENINO,AURA,7809,0.004686881
FEMENINO,ISABEL,7378,0.004428199
FEMENINO,PAOLA,7152,0.004292556
FEMENINO,ANDREA,7091,0.004255945
FEMENINO,DORIS,7033,0.004221134
FEMENINO,CECILIA,6710,0.004027273
FEMENINO,NELLY,6496,0.003898832
FEMENINO,RUTH,6279,0.003768591
FEMENINO,MARIELA,6238,0.003743983
FEMENINO,TERESA,6113,0.003668959
FEMENINO,ESPERANZA,5685,0.003412078
FEMENINO,MARTA,5669,0.003402475
FEMENINO,FANNY,5599,0.003360462
FEMENINO,MARY,5437,0.003263231
FEMENINO,MERCEDES,5394,0.003237423
FEMENINO,LIGIA,5372,0.003224219
FEMENINO,MARINA,5278,0.003167801
FEMENINO,PAULA,5123,0.003074772
FEMENINO,ELSA,5119,0.003072371
FEMENINO,NIDIA,5076,0.003046563
FEMENINO,LILIA,5030,0.003018954
FEMENINO,ANGELICA,4939,0.002964337
FEMENINO,LUISA,4699,0.002820291
FEMENINO,ALICIA,4660,0.002796884
FEMENINO,LAURA,4639,0.00278428
FEMENINO,LEONOR,4549,0.002730263
FEMENINO,JENNY,4396,0.002638434
FEMENINO,GRACIELA,4253,0.002552607
FEMENINO,CONSUELO,4231,0.002539402
FEMENINO,MARLENY,4208,0.002525598
FEMENINO,INES,4108,0.002465579
FEMENINO,LUCIA,4103,0.002462578
FEMENINO,ROCIO,4084,0.002451175
FEMENINO,FABIOLA,4048,0.002429568
FEMENINO,MARCELA,4047,0.002428968
FEMENINO,BERTHA,4012,0.002407961
FEMENINO,NATALIA,4004,0.002403159
FEMENINO,ALEXANDRA,3975,0.002385754
FEMENINO,LEIDY,3957,0.00237495
FEMENINO,VIVIANA,3848,0.00230953
FEMENINO,HILDA,3798,0.00227952
FEMENINO,SILVIA,3791,0.002275319
FEMENINO,RUBIELA,3721,0.002233306
FEMENINO,YANETH,3702,0.002221902
FEMENINO,AMANDA,3675,0.002205697
FEMENINO,NOHORA,3622,0.002173887
FEMENINO,ELVIA,3472,0.002083858
FEMENINO,MARISOL,3384,0.002031042
FEMENINO,ERIKA,3210,0.001926609
FEMENINO,LIBIA,3197,0.001918806
FEMENINO,JULIA,3184,0.001911004
FEMENINO,MARITZA,3129,0.001877993
FEMENINO,NORA,3092,0.001855786
FEMENINO,STELLA,3077,0.001846784
FEMENINO,SARA,2994,0.001796968
FEMENINO,GILMA,2894,0.001736949
FEMENINO,LUCILA,2877,0.001726746
FEMENINO,YENNY,2809,0.001685933
FEMENINO,MARIBEL,2768,0.001661325
FEMENINO,ELIANA,2733,0.001640318
FEMENINO,LUCY,2721,0.001633116
FEMENINO,CATALINA,2691,0.00161511
FEMENINO,OMAIRA,2688,0.00161331
FEMENINO,MIRYAM,2681,0.001609108
FEMENINO,EDITH,2678,0.001607308
FEMENINO,IRMA,2675,0.001605507
FEMENINO,INGRID,2659,0.001595904
FEMENINO,MERY,2657,0.001594704
FEMENINO,MIRIAM,2650,0.001590503
FEMENINO,JOHANNA,2648,0.001589302
FEMENINO,CARMENZA,2553,0.001532284
FEMENINO,EDILMA,2498,0.001499274
FEMENINO,ASTRID,2497,0.001498674
FEMENINO,MARLENE,2473,0.001484269
FEMENINO,ESTHER,2442,0.001465663
FEMENINO,FRANCY,2438,0.001463262
FEMENINO,BETTY,2415,0.001449458
FEMENINO,ELENA,2415,0.001449458
FEMENINO,JANETH,2404,0.001442856
FEMENINO,RUBY,2339,0.001403844
FEMENINO,NORMA,2338,0.001403243
FEMENINO,VICTORIA,2328,0.001397242
FEMENINO,CRISTINA,2320,0.00139244
FEMENINO,LIDA,2305,0.001383437
FEMENINO,ALEJANDRA,2264,0.001358829
FEMENINO,PIEDAD,2250,0.001350427
FEMENINO,JUDITH,2242,0.001345625
FEMENINO,MILENA,2177,0.001306613
FEMENINO,LORENA,2140,0.001284406
FEMENINO,AIDA,2115,0.001269401
FEMENINO,MAGDA,2097,0.001258598
FEMENINO,OFELIA,2056,0.00123399
FEMENINO,GLADIS,1992,0.001195578
FEMENINO,ELVIRA,1981,0.001188976
FEMENINO,JACQUELINE,1953,0.00117217
FEMENINO,FRANCIA,1926,0.001155965
FEMENINO,LADY,1858,0.001115152
FEMENINO,JOHANA,1838,0.001103149
FEMENINO,JULIANA,1810,0.001086343
FEMENINO,EDNA,1808,0.001085143
FEMENINO,EMMA,1801,0.001080942
FEMENINO,BIBIANA,1779,0.001067737
FEMENINO,AURORA,1772,0.001063536
FEMENINO,ALCIRA,1771,0.001062936
FEMENINO,YAMILE,1755,0.001053333
FEMENINO,CONSTANZA,1726,0.001035927
FEMENINO,MELBA,1724,0.001034727
FEMENINO,MIREYA,1699,0.001019722
FEMENINO,SUSANA,1630,0.000978309
FEMENINO,VILMA,1572,0.000943498
FEMENINO,GINA,1569,0.000941698
FEMENINO,JOSEFINA,1562,0.000937496
FEMENINO,DEISY,1539,0.000923692
FEMENINO,TATIANA,1512,0.000907487
FEMENINO,MAGNOLIA,1508,0.000905086
FEMENINO,NURY,1505,0.000903285
FEMENINO,ROSARIO,1466,0.000879878
FEMENINO,MATILDE,1460,0.000876277
FEMENINO,RAQUEL,1455,0.000873276
FEMENINO,XIMENA,1449,0.000869675
FEMENINO,VERONICA,1443,0.000866074
FEMENINO,KAREN,1440,0.000864273
FEMENINO,DOLLY,1433,0.000860072
FEMENINO,ZORAIDA,1419,0.000851669
FEMENINO,EDELMIRA,1416,0.000849869
FEMENINO,ADIELA,1410,0.000846267
FEMENINO,RITA,1371,0.00082286
FEMENINO,MARLEN,1347,0.000808455
FEMENINO,SOFIA,1311,0.000786849
FEMENINO,IVONNE,1301,0.000780847
FEMENINO,SOCORRO,1291,0.000774845
FEMENINO,OLIVA,1266,0.00075984
FEMENINO,LUCERO,1265,0.00075924
FEMENINO,JUANA,1262,0.000757439
FEMENINO,EUGENIA,1253,0.000752038
FEMENINO,MABEL,1250,0.000750237
FEMENINO,YOLIMA,1226,0.000735833
FEMENINO,SHIRLEY,1224,0.000734632
FEMENINO,ADELA,1219,0.000731631
FEMENINO,MAGDALENA,1217,0.000730431
FEMENINO,CIELO,1207,0.000724429
FEMENINO,ZULMA,1179,0.000707624
FEMENINO,ELISA,1174,0.000704623
FEMENINO,DEYANIRA,1170,0.000702222
FEMENINO,CRUZ,1169,0.000701622
FEMENINO,VIRGINIA,1138,0.000683016
FEMENINO,ELSY,1129,0.000677614
FEMENINO,PILAR,1120,0.000672212
FEMENINO,BARBARA,1118,0.000671012
FEMENINO,CLEMENCIA,1116,0.000669812
FEMENINO,YUDY,1112,0.000667411
FEMENINO,KATHERINE,1107,0.00066441
FEMENINO,LIDIA,1107,0.00066441
FEMENINO,GABRIELA,1097,0.000658408
FEMENINO,KELLY,1092,0.000655407
FEMENINO,NELCY,1069,0.000641603
FEMENINO,BERTA,1051,0.000630799
FEMENINO,IRENE,1035,0.000621196
FEMENINO,EVA,1019,0.000611593
FEMENINO,YADIRA,1010,0.000606192
FEMENINO,YENY,1002,0.00060139
FEMENINO,ZOILA,998,0.000598989
FEMENINO,YASMIN,997,0.000598389
FEMENINO,TERESITA,992,0.000595388
FEMENINO,ALIX,991,0.000594788
FEMENINO,MARIANA,985,0.000591187
FEMENINO,PAULINA,977,0.000586385
FEMENINO,DOLORES,976,0.000585785
FEMENINO,AMALIA,970,0.000582184
FEMENINO,LUCELLY,970,0.000582184
FEMENINO,NELSY,966,0.000579783
FEMENINO,AYDA,966,0.000579783
FEMENINO,MARILUZ,964,0.000578583
FEMENINO,LYDA,961,0.000576782
FEMENINO,CONCEPCION,958,0.000574982
FEMENINO,HELENA,950,0.00057018
FEMENINO,ESMERALDA,948,0.00056898
FEMENINO,ARACELY,944,0.000566579
FEMENINO,ROSAURA,942,0.000565379
FEMENINO,MELIDA,940,0.000564178
FEMENINO,LILIAN,933,0.000559977
FEMENINO,NINI,926,0.000555776
FEMENINO,FLORALBA,919,0.000551574
FEMENINO,NORALBA,918,0.000550974
FEMENINO,AMELIA,916,0.000549774
FEMENINO,JACKELINE,910,0.000546173
FEMENINO,DIOSELINA,904,0.000542571
FEMENINO,YAMILETH,894,0.00053657
FEMENINO,LESLY,890,0.000534169
FEMENINO,ALEIDA,889,0.000533569
FEMENINO,JULIETA,884,0.000530568
FEMENINO,TULIA,879,0.000527567
FEMENINO,NYDIA,873,0.000523966
FEMENINO,DAMARIS,862,0.000517363
FEMENINO,SOL,856,0.000513762
FEMENINO,LETICIA,856,0.000513762
FEMENINO,SOLEDAD,847,0.000508361
FEMENINO,JANNETH,846,0.00050776
FEMENINO,BERNARDA,842,0.00050536
FEMENINO,DELIA,836,0.000501759
FEMENINO,NOHEMY,834,0.000500558
FEMENINO,ALEYDA,831,0.000498758
FEMENINO,MARICELA,827,0.000496357
FEMENINO,MYRIAN,821,0.000492756
FEMENINO,ELBA,816,0.000489755
FEMENINO,MARGOTH,810,0.000486154
FEMENINO,NOHEMI,805,0.000483153
FEMENINO,LEYDI,798,0.000478951
FEMENINO,JESUS,794,0.000476551
FEMENINO,BERENICE,791,0.00047475
FEMENINO,ARACELLY,788,0.000472949
FEMENINO,EMILCE,784,0.000470549
FEMENINO,EMILIA,771,0.000462746
FEMENINO,ORFA,770,0.000462146
FEMENINO,ROSALBINA,767,0.000460345
FEMENINO,CAROL,757,0.000454344
FEMENINO,LUZMILA,753,0.000451943
FEMENINO,ADELAIDA,740,0.00044414
FEMENINO,YULY,737,0.00044234
FEMENINO,NINFA,731,0.000438739
FEMENINO,MIRIAN,727,0.000436338
FEMENINO,OTILIA,727,0.000436338
FEMENINO,JENNIFER,714,0.000428535
FEMENINO,ELCY,698,0.000418932
FEMENINO,DILIA,698,0.000418932
FEMENINO,ERICA,687,0.00041233
FEMENINO,CELMIRA,674,0.000404528
FEMENINO,YEIMY,672,0.000403327
FEMENINO,ROSMIRA,671,0.000402727
FEMENINO,VIVIAN,669,0.000401527
FEMENINO,TRINIDAD,667,0.000400327
FEMENINO,HERMINDA,662,0.000397326
FEMENINO,DORALBA,657,0.000394325
FEMENINO,EMPERATRIZ,655,0.000393124
FEMENINO,VANESSA,650,0.000390123
FEMENINO,YANET,649,0.000389523
FEMENINO,HEIDY,649,0.000389523
FEMENINO,TANIA,643,0.000385922
FEMENINO,DERLY,635,0.00038112
FEMENINO,LINDA,632,0.00037932
FEMENINO,JAQUELINE,629,0.000377519
FEMENINO,YAZMIN,624,0.000374518
FEMENINO,ROSANA,624,0.000374518
FEMENINO,MAGALY,622,0.000373318
FEMENINO,LIZ,614,0.000368516
FEMENINO,EUNICE,614,0.000368516
FEMENINO,ROSALIA,613,0.000367916
FEMENINO,AYDEE,604,0.000362515
FEMENINO,DENIS,601,0.000360714
FEMENINO,EVANGELINA,590,0.000354112
FEMENINO,XIOMARA,590,0.000354112
FEMENINO,JOSEFA,587,0.000352311
FEMENINO,LOURDES,583,0.000349911
FEMENINO,YURI,583,0.000349911
FEMENINO,HERMINIA,581,0.00034871
FEMENINO,LUCRECIA,580,0.00034811
FEMENINO,YURY,580,0.00034811
FEMENINO,ARGENIS,576,0.000345709
FEMENINO,JULIETH,576,0.000345709
FEMENINO,EMILSE,574,0.000344509
FEMENINO,KARINA,572,0.000343308
FEMENINO,ESTELA,572,0.000343308
FEMENINO,ELDA,566,0.000339707
FEMENINO,IMELDA,564,0.000338507
FEMENINO,LEONILDE,563,0.000337907
FEMENINO,NAYIBE,560,0.000336106
FEMENINO,GEORGINA,549,0.000329504
FEMENINO,CARLINA,546,0.000327704
FEMENINO,DARY,545,0.000327103
FEMENINO,NHORA,544,0.000326503
FEMENINO,SORAYA,539,0.000323502
FEMENINO,YOHANA,538,0.000322902
FEMENINO,SIXTA,538,0.000322902
FEMENINO,CATHERINE,537,0.000322302
FEMENINO,EDILIA,533,0.000319901
FEMENINO,ESTER,533,0.000319901
FEMENINO,GUILLERMINA,532,0.000319301
FEMENINO,MARLY,528,0.0003169
FEMENINO,ERNESTINA,527,0.0003163
FEMENINO,JIMENA,521,0.000312699
FEMENINO,GIOVANNA,519,0.000311498
FEMENINO,VIRGELINA,517,0.000310298
FEMENINO,JAZMIN,514,0.000308497
FEMENINO,ESNEDA,511,0.000306697
FEMENINO,PASTORA,507,0.000304296
FEMENINO,ORFILIA,507,0.000304296
FEMENINO,CELIA,506,0.000303696
FEMENINO,MARICEL,506,0.000303696
FEMENINO,YESENIA,506,0.000303696
FEMENINO,ANGIE,504,0.000302496
FEMENINO,SOR,502,0.000301295
FEMENINO,DEICY,498,0.000298894
FEMENINO,AMINTA,492,0.000295293
FEMENINO,CELINA,488,0.000292893
FEMENINO,YULI,488,0.000292893
