SEXO,PRIMER_NOMBRE
MASCULINO,ABDUL
MASCULINO,ABEL
MASCULINO,ABELARDO
MASCULINO,ABELINO
FEMENINO,ABIGAIL
MASCULINO,ABRAHAM
MASCULINO,ABRAHAN
MASCULINO,ABSALON
FEMENINO,ADA
MASCULINO,ADALBERTO
MASCULINO,ADAN
FEMENINO,ADELA
FEMENINO,ADELAIDA
FEMENINO,ADELFA
FEMENINO,ADELIA
FEMENINO,ADELINA
MASCULINO,ADELMO
FEMENINO,ADIELA
MASCULINO,ADOLFO
MASCULINO,ADRIAN
FEMENINO,ADRIANA
MASCULINO,ADRIANO
MASCULINO,AFRANIO
MASCULINO,AGAPITO
MASCULINO,AGUSTIN
FEMENINO,AGUSTINA
MASCULINO,AICARDO
FEMENINO,AIDA
FEMENINO,AIDE
FEMENINO,AIDEE
MASCULINO,AIMER
MASCULINO,ALAIN
MASCULINO,ALAN
FEMENINO,ALBA
MASCULINO,ALBEIRO
FEMENINO,ALBENIS
MASCULINO,ALBER
MASCULINO,ALBERT
MASCULINO,ALBERTH
FEMENINO,ALBERTINA
MASCULINO,ALBERTO
MASCULINO,ALCIBIADES
MASCULINO,ALCIDES
FEMENINO,ALCIRA
MASCULINO,ALDEMAR
MASCULINO,ALDO
FEMENINO,ALEIDA
FEMENINO,ALEJANDRA
FEMENINO,ALEJANDRINA
MASCULINO,ALEJANDRINO
MASCULINO,ALEJANDRO
MASCULINO,ALEJO
MASCULINO,ALEX
FEMENINO,ALEXA
MASCULINO,ALEXANDER
FEMENINO,ALEXANDRA
MASCULINO,ALEXANDRO
MASCULINO,ALEXEI
MASCULINO,ALEXI
MASCULINO,ALEXIS
FEMENINO,ALEYDA
MASCULINO,ALFONSO
MASCULINO,ALFRED
MASCULINO,ALFREDO
MASCULINO,ALFREDY
MASCULINO,ALI
FEMENINO,ALICIA
FEMENINO,ALIDA
FEMENINO,ALINA
MASCULINO,ALIPIO
FEMENINO,ALIRIA
MASCULINO,ALIRIO
FEMENINO,ALIS
FEMENINO,ALIX
MASCULINO,ALLAN
FEMENINO,ALMA
MASCULINO,ALMIS
MASCULINO,ALONSO
MASCULINO,ALVARO
MASCULINO,ALVEIRO
MASCULINO,ALVENIS
FEMENINO,AMADA
MASCULINO,AMADEO
MASCULINO,AMADO
FEMENINO,AMALFI
FEMENINO,AMALIA
FEMENINO,AMANDA
MASCULINO,AMAURY
MASCULINO,AMBROSIO
MASCULINO,AMED
FEMENINO,AMELIA
FEMENINO,AMERICA
FEMENINO,AMILBIA
MASCULINO,AMILCAR
MASCULINO,AMILTON
MASCULINO,AMIN
FEMENINO,AMINTA
FEMENINO,AMIRA
FEMENINO,AMPARO
FEMENINO,ANA
FEMENINO,ANABEIBA
FEMENINO,ANABEL
FEMENINO,ANAIS
FEMENINO,ANALIDA
MASCULINO,ANANIAS
FEMENINO,ANATILDE
MASCULINO,ANATOLIO
FEMENINO,ANAYIBE
MASCULINO,ANCIZAR
MASCULINO,ANDELFO
MASCULINO,ANDERSON
MASCULINO,ANDERSSON
FEMENINO,ANDREA
MASCULINO,ANDREI
MASCULINO,ANDRES
MASCULINO,ANDREY
MASCULINO,ANDRIW
MASCULINO,ANGEL
FEMENINO,ANGELA
FEMENINO,ANGELES
FEMENINO,ANGELICA
FEMENINO,ANGELINA
MASCULINO,ANGELINO
FEMENINO,ANGELITA
MASCULINO,ANGELMIRO
MASCULINO,ANGELO
FEMENINO,ANGIE
MASCULINO,ANIBAL
FEMENINO,ANITA
FEMENINO,ANNA
FEMENINO,ANNY
MASCULINO,ANSELMO
MASCULINO,ANTENOR
MASCULINO,ANTHONY
FEMENINO,ANTONIA
MASCULINO,ANTONIO
MASCULINO,ANTONY
MASCULINO,ANUAR
FEMENINO,ANUNCIACION
FEMENINO,ANYELA
MASCULINO,ANYELO
FEMENINO,ANYI
MASCULINO,APARICIO
MASCULINO,APOLINAR
MASCULINO,AQUILEO
MASCULINO,AQUILINO
FEMENINO,ARACELI
FEMENINO,ARACELLY
FEMENINO,ARACELY
FEMENINO,ARAMINTA
MASCULINO,ARBEY
MASCULINO,ARCADIO
MASCULINO,ARCANGEL
FEMENINO,ARCELIA
MASCULINO,ARCENIO
MASCULINO,ARCESIO
FEMENINO,ARELIS
FEMENINO,ARELYS
FEMENINO,ARGELIA
MASCULINO,ARGELIO
FEMENINO,ARGEMIRA
MASCULINO,ARGEMIRO
FEMENINO,ARGENIDA
FEMENINO,ARGENIS
MASCULINO,ARGIRO
MASCULINO,ARIEL
MASCULINO,ARIOLFO
MASCULINO,ARIOSTO
MASCULINO,ARIS
MASCULINO,ARISTIDES
MASCULINO,ARISTOBULO
MASCULINO,ARLES
FEMENINO,ARLETH
MASCULINO,ARLEX
MASCULINO,ARLEY
MASCULINO,ARMANDO
MASCULINO,ARNALDO
FEMENINO,ARNOBIA
MASCULINO,ARNOL
MASCULINO,ARNOLD
MASCULINO,ARNOLDO
MASCULINO,ARNUBIO
MASCULINO,ARNULFO
MASCULINO,ARQUIMEDES
MASCULINO,ARSENIO
MASCULINO,ARTEMIO
MASCULINO,ARTURO
MASCULINO,ARVEY
MASCULINO,ASAEL
FEMENINO,ASCENCION
MASCULINO,ASDRUBAL
MASCULINO,ASTOR
FEMENINO,ASTRID
MASCULINO,AUGUSTO
FEMENINO,AURA
FEMENINO,AURELIA
MASCULINO,AURELIANO
MASCULINO,AURELIO
FEMENINO,AURORA
MASCULINO,AUSBERTO
FEMENINO,AVELINA
MASCULINO,AVELINO
FEMENINO,AYDA
FEMENINO,AYDE
FEMENINO,AYDEE
MASCULINO,AYMER
MASCULINO,AZAEL
FEMENINO,AZUCENA
MASCULINO,BAIRON
FEMENINO,BALBINA
MASCULINO,BALDOMERO
MASCULINO,BALTAZAR
MASCULINO,BANNER
FEMENINO,BARBARA
MASCULINO,BASILIO
MASCULINO,BAUDELINO
MASCULINO,BAUDILIO
MASCULINO,BAUTISTA
MASCULINO,BAYARDO
MASCULINO,BAYRON
FEMENINO,BEATRIZ
FEMENINO,BELARMINA
MASCULINO,BELARMINO
FEMENINO,BELCY
FEMENINO,BELEN
MASCULINO,BELISARIO
FEMENINO,BELKIS
FEMENINO,BELKYS
FEMENINO,BELLA
FEMENINO,BELLANIRA
FEMENINO,BELQUIS
FEMENINO,BELSY
FEMENINO,BENEDICTA
MASCULINO,BENEDICTO
MASCULINO,BENICIO
MASCULINO,BENIGNO
FEMENINO,BENILDA
MASCULINO,BENITO
MASCULINO,BENJAMIN
MASCULINO,BERARDO
FEMENINO,BERENICE
MASCULINO,BERNABE
FEMENINO,BERNARDA
FEMENINO,BERNARDINA
MASCULINO,BERNARDINO
FEMENINO,BERNARDITA
MASCULINO,BERNARDO
FEMENINO,BERTA
FEMENINO,BERTHA
FEMENINO,BERTILDA
FEMENINO,BERTILDE
MASCULINO,BERTULFO
FEMENINO,BETHY
FEMENINO,BETSABE
FEMENINO,BETSY
FEMENINO,BETTY
FEMENINO,BETULIA
FEMENINO,BETY
FEMENINO,BIBIAN
FEMENINO,BIBIANA
MASCULINO,BILLY
FEMENINO,BIVIANA
MASCULINO,BLADIMIR
MASCULINO,BLADIMIRO
FEMENINO,BLANCA
MASCULINO,BLAS
MASCULINO,BONIFACIO
MASCULINO,BORIS
MASCULINO,BRAULIO
MASCULINO,BRAYAN
MASCULINO,BREINER
FEMENINO,BRENDA
MASCULINO,BRIAN
FEMENINO,BRICEIDA
FEMENINO,BRIGIDA
FEMENINO,BRIGITTE
MASCULINO,BRUNO
MASCULINO,BRYAN
MASCULINO,BYRON
MASCULINO,CALIXTO
FEMENINO,CAMILA
MASCULINO,CAMILO
MASCULINO,CAMPO
MASCULINO,CAMPOS
FEMENINO,CANDELARIA
FEMENINO,CANDIDA
MASCULINO,CANDIDO
FEMENINO,CANDY
FEMENINO,CARIDAD
FEMENINO,CARLA
FEMENINO,CARLINA
MASCULINO,CARLO
MASCULINO,CARLOS
FEMENINO,CARLOTA
FEMENINO,CARMELA
FEMENINO,CARMELINA
FEMENINO,CARMELITA
MASCULINO,CARMELO
FEMENINO,CARMEN
FEMENINO,CARMENCITA
FEMENINO,CARMENZA
FEMENINO,CARMIA
FEMENINO,CAROL
FEMENINO,CAROLA
FEMENINO,CAROLINA
FEMENINO,CAROLL
FEMENINO,CASILDA
MASCULINO,CASTILLO
FEMENINO,CATALINA
FEMENINO,CATERINE
FEMENINO,CATHERINE
MASCULINO,CAYETANO
FEMENINO,CECILIA
MASCULINO,CECILIO
MASCULINO,CEFERINO
MASCULINO,CELEDONIO
MASCULINO,CELESTINO
FEMENINO,CELIA
MASCULINO,CELIMO
FEMENINO,CELINA
MASCULINO,CELIO
FEMENINO,CELMIRA
FEMENINO,CELSA
MASCULINO,CELSO
FEMENINO,CENAIDA
FEMENINO,CENEIDA
FEMENINO,CENELIA
FEMENINO,CENOBIA
MASCULINO,CENON
MASCULINO,CESAR
MASCULINO,CESAREO
MASCULINO,CHARLES
MASCULINO,CHRISTIAN
FEMENINO,CIELO
FEMENINO,CILIA
FEMENINO,CINDY
MASCULINO,CIPRIANO
FEMENINO,CIRA
MASCULINO,CIRO
FEMENINO,CLARA
FEMENINO,CLARENA
FEMENINO,CLARIBEL
FEMENINO,CLARISA
FEMENINO,CLARIVEL
FEMENINO,CLAUDIA
FEMENINO,CLAUDINA
MASCULINO,CLAUDIO
FEMENINO,CLELIA
FEMENINO,CLEMENCIA
MASCULINO,CLEMENTE
FEMENINO,CLEMENTINA
FEMENINO,CLEOFE
FEMENINO,CLEOFELINA
FEMENINO,CLEOTILDE
MASCULINO,CLIMACO
MASCULINO,CLODOMIRO
FEMENINO,CLOTILDE
FEMENINO,CONCEPCION
MASCULINO,CONSTANTINO
FEMENINO,CONSTANZA
FEMENINO,CONSUELO
FEMENINO,CORINA
MASCULINO,CORNELIO
MASCULINO,COSME
MASCULINO,CRISANTO
MASCULINO,CRISOSTOMO
MASCULINO,CRISTHIAN
MASCULINO,CRISTIAM
MASCULINO,CRISTIAN
FEMENINO,CRISTINA
MASCULINO,CRISTO
MASCULINO,CRISTOBAL
FEMENINO,CUSTODIA
MASCULINO,CUSTODIO
FEMENINO,DABEIBA
MASCULINO,DAGO
MASCULINO,DAGOBERTO
FEMENINO,DAICY
FEMENINO,DAIRA
MASCULINO,DAIRO
MASCULINO,DAIRON
FEMENINO,DAISSY
FEMENINO,DAISY
MASCULINO,DALADIER
FEMENINO,DALIA
FEMENINO,DALIDA
FEMENINO,DALILA
FEMENINO,DALIS
FEMENINO,DAMARIS
MASCULINO,DAMIAN
FEMENINO,DANELLY
MASCULINO,DANI
FEMENINO,DANIA
MASCULINO,DANIEL
FEMENINO,DANIELA
MASCULINO,DANILO
MASCULINO,DANNY
MASCULINO,DANTE
MASCULINO,DANY
MASCULINO,DARIO
MASCULINO,DARLEY
FEMENINO,DARLIN
FEMENINO,DARLING
FEMENINO,DARLY
MASCULINO,DARWIN
FEMENINO,DARY
MASCULINO,DAVID
MASCULINO,DAVIER
MASCULINO,DAVIS
FEMENINO,DAYANA
FEMENINO,DAYRA
MASCULINO,DAYRO
MASCULINO,DAYRON
FEMENINO,DAYSI
FEMENINO,DEBORA
MASCULINO,DEIBER
MASCULINO,DEIBY
FEMENINO,DEICY
MASCULINO,DEIRO
FEMENINO,DEISI
FEMENINO,DEISSY
FEMENINO,DEISY
MASCULINO,DEIVI
MASCULINO,DEIVID
MASCULINO,DEIVIS
MASCULINO,DEIVY
FEMENINO,DELCY
FEMENINO,DELFA
MASCULINO,DELFIN
FEMENINO,DELFINA
FEMENINO,DELIA
MASCULINO,DELIO
FEMENINO,DELLY
FEMENINO,DELMA
FEMENINO,DELSY
MASCULINO,DEMETRIO
MASCULINO,DENIS
FEMENINO,DENISE
FEMENINO,DENISSE
MASCULINO,DENNIS
FEMENINO,DENNYS
FEMENINO,DENYS
FEMENINO,DERLY
MASCULINO,DESIDERIO
FEMENINO,DEYANIRA
FEMENINO,DEYCI
FEMENINO,DEYSI
FEMENINO,DEYSY
FEMENINO,DIANA
MASCULINO,DIDIER
MASCULINO,DIDIMO
MASCULINO,DIEGO
FEMENINO,DIELA
FEMENINO,DIGNA
FEMENINO,DIGNORA
FEMENINO,DILIA
FEMENINO,DILMA
MASCULINO,DILMER
FEMENINO,DILSA
MASCULINO,DILSON
MASCULINO,DIMAS
FEMENINO,DINA
MASCULINO,DINAEL
FEMENINO,DINORA
FEMENINO,DIOCELINA
MASCULINO,DIOFANOR
MASCULINO,DIOGENES
MASCULINO,DIOMAR
MASCULINO,DIOMEDES
MASCULINO,DIOMER
MASCULINO,DIONEL
MASCULINO,DIONICIO
MASCULINO,DIONISIO
MASCULINO,DIOS
FEMENINO,DIOSA
FEMENINO,DIOSELINA
FEMENINO,DIRLEY
FEMENINO,DISNEY
FEMENINO,DIVA
MASCULINO,DIVAR
FEMENINO,DIVINA
MASCULINO,DIXON
FEMENINO,DOLLY
FEMENINO,DOLORES
FEMENINO,DOLY
FEMENINO,DOMINGA
MASCULINO,DOMINGO
FEMENINO,DOMITILA
MASCULINO,DONAIRES
MASCULINO,DONALD
MASCULINO,DONALDO
FEMENINO,DORA
FEMENINO,DORALBA
FEMENINO,DORALICE
MASCULINO,DORANCE
FEMENINO,DORELLY
FEMENINO,DORIA
FEMENINO,DORIS
FEMENINO,DORY
FEMENINO,DORYS
MASCULINO,DOUGLAS
MASCULINO,DRIGELIO
MASCULINO,DUBAN
MASCULINO,DUBER
MASCULINO,DUBERNEY
MASCULINO,DUBIAN
MASCULINO,DUBIER
FEMENINO,DUBIS
MASCULINO,DUGLAS
FEMENINO,DULCELINA
FEMENINO,DULFAY
MASCULINO,DUMAR
MASCULINO,DURLANDY
FEMENINO,DURLEY
MASCULINO,DUSTANO
MASCULINO,DUVAN
MASCULINO,DUVER
MASCULINO,DUVERNEY
MASCULINO,DUVIAN
MASCULINO,DUVIER
FEMENINO,DUVIS
MASCULINO,EBER
MASCULINO,EBERTO
FEMENINO,EDDA
MASCULINO,EDDIE
MASCULINO,EDDIER
MASCULINO,EDDY
MASCULINO,EDELBERTO
FEMENINO,EDELMIRA
MASCULINO,EDER
MASCULINO,EDGAR
MASCULINO,EDGARD
MASCULINO,EDGARDO
MASCULINO,EDICSON
FEMENINO,EDID
MASCULINO,EDIEN
MASCULINO,EDIER
MASCULINO,EDILBERTO
FEMENINO,EDILIA
FEMENINO,EDILMA
FEMENINO,EDILSA
MASCULINO,EDILSON
MASCULINO,EDIN
MASCULINO,EDINSON
MASCULINO,EDISON
MASCULINO,EDISSON
FEMENINO,EDIT
FEMENINO,EDITH
MASCULINO,EDIXON
MASCULINO,EDMUNDO
FEMENINO,EDNA
MASCULINO,EDSON
MASCULINO,EDUAR
MASCULINO,EDUARD
MASCULINO,EDUARDO
MASCULINO,EDUER
MASCULINO,EDUIN
FEMENINO,EDUVIGES
FEMENINO,EDUVINA
MASCULINO,EDUWIN
MASCULINO,EDWAR
MASCULINO,EDWARD
MASCULINO,EDWIN
MASCULINO,EDWING
FEMENINO,EFIGENIA
MASCULINO,EFRAIN
MASCULINO,EFREN
MASCULINO,EGIDIO
MASCULINO,EIBAR
MASCULINO,EIBER
FEMENINO,EIDA
MASCULINO,EIDER
FEMENINO,EIDY
FEMENINO,EILEEN
MASCULINO,EINAR
MASCULINO,EINER
MASCULINO,EIVAR
MASCULINO,EIVER
MASCULINO,ELADIO
FEMENINO,ELBA
MASCULINO,ELBER
MASCULINO,ELBERT
MASCULINO,ELBERTH
MASCULINO,ELBERTO
FEMENINO,ELCIDA
FEMENINO,ELCIRA
FEMENINO,ELCY
FEMENINO,ELDA
MASCULINO,ELDER
MASCULINO,ELEAZAR
FEMENINO,ELENA
FEMENINO,ELEONORA
MASCULINO,ELEUTERIO
FEMENINO,ELFA
FEMENINO,ELGA
FEMENINO,ELIA
MASCULINO,ELIADES
FEMENINO,ELIANA
MASCULINO,ELIAS
MASCULINO,ELIBARDO
MASCULINO,ELIBERTO
FEMENINO,ELICENIA
MASCULINO,ELICEO
FEMENINO,ELIDA
MASCULINO,ELIECER
MASCULINO,ELIER
FEMENINO,ELINA
MASCULINO,ELIO
FEMENINO,ELIS
FEMENINO,ELISA
FEMENINO,ELISABET
FEMENINO,ELISABETH
MASCULINO,ELISEO
FEMENINO,ELIZABET
FEMENINO,ELIZABETH
MASCULINO,ELKIN
FEMENINO,ELLA
FEMENINO,ELMA
MASCULINO,ELMER
FEMENINO,ELODIA
FEMENINO,ELOINA
FEMENINO,ELOISA
MASCULINO,ELOY
FEMENINO,ELPIDIA
MASCULINO,ELPIDIO
MASCULINO,ELQUIN
FEMENINO,ELSA
FEMENINO,ELSI
FEMENINO,ELSSY
FEMENINO,ELSY
FEMENINO,ELVA
MASCULINO,ELVER
FEMENINO,ELVIA
FEMENINO,ELVINIA
FEMENINO,ELVIRA
MASCULINO,ELVIS
MASCULINO,EMEL
FEMENINO,EMELINA
FEMENINO,EMERITA
MASCULINO,EMERSON
MASCULINO,EMIGDIO
FEMENINO,EMILCE
FEMENINO,EMILCEN
FEMENINO,EMILIA
FEMENINO,EMILIANA
MASCULINO,EMILIANO
MASCULINO,EMILIO
FEMENINO,EMILSE
FEMENINO,EMILSEN
MASCULINO,EMILSON
MASCULINO,EMIR
MASCULINO,EMIRO
FEMENINO,EMMA
MASCULINO,EMMANUEL
FEMENINO,EMPERATRIZ
FEMENINO,ENCARNACION
FEMENINO,ENEIDA
FEMENINO,ENELIA
FEMENINO,ENID
FEMENINO,ENIS
FEMENINO,ENITH
FEMENINO,ENNA
MASCULINO,ENRIQUE
FEMENINO,ENRIQUETA
MASCULINO,ENYER
FEMENINO,EPIFANIA
MASCULINO,EPIFANIO
MASCULINO,ERASMO
FEMENINO,ERCILIA
MASCULINO,ERIBERTO
MASCULINO,ERIC
FEMENINO,ERICA
MASCULINO,ERICH
MASCULINO,ERICK
MASCULINO,ERIK
FEMENINO,ERIKA
MASCULINO,ERLEY
FEMENINO,ERLINDA
MASCULINO,ERMES
FEMENINO,ERMILA
MASCULINO,ERMILSON
MASCULINO,ERMINSUL
FEMENINO,ERNESTINA
MASCULINO,ERNESTO
MASCULINO,ERNEY
MASCULINO,ERVIN
MASCULINO,ERWIN
MASCULINO,ESAU
FEMENINO,ESILDA
FEMENINO,ESMERALDA
FEMENINO,ESNEDA
MASCULINO,ESNEIDER
MASCULINO,ESNEYDER
FEMENINO,ESPERANZA
MASCULINO,ESTEBAN
FEMENINO,ESTEFANIA
FEMENINO,ESTELA
FEMENINO,ESTELIA
FEMENINO,ESTELLA
FEMENINO,ESTER
FEMENINO,ESTHER
FEMENINO,ESTRELLA
FEMENINO,ETELVINA
MASCULINO,EUCARIO
FEMENINO,EUCARIS
MASCULINO,EUCLIDES
MASCULINO,EUDES
MASCULINO,EUDORO
FEMENINO,EUFEMIA
FEMENINO,EUGENIA
MASCULINO,EUGENIO
FEMENINO,EULALIA
MASCULINO,EULER
MASCULINO,EULICES
MASCULINO,EULISES
MASCULINO,EULOGIO
FEMENINO,EUNICE
MASCULINO,EURIPIDES
MASCULINO,EUSEBIO
MASCULINO,EUSTORGIO
FEMENINO,EVA
FEMENINO,EVANGELINA
MASCULINO,EVARISTO
FEMENINO,EVELIA
FEMENINO,EVELIN
MASCULINO,EVELIO
FEMENINO,EVELYN
MASCULINO,EVENCIO
MASCULINO,EVER
MASCULINO,EVERALDO
MASCULINO,EVERARDO
MASCULINO,EVERS
MASCULINO,EVERT
MASCULINO,EVERTH
FEMENINO,EVIDALIA
FEMENINO,EVILA
MASCULINO,EXPEDITO
FEMENINO,EYDA
MASCULINO,EYDER
MASCULINO,EZEQUIEL
MASCULINO,FABER
MASCULINO,FABIAN
MASCULINO,FABIO
FEMENINO,FABIOLA
MASCULINO,FABRICIANO
MASCULINO,FABRICIO
MASCULINO,FACUNDO
FEMENINO,FADUA
MASCULINO,FAIBER
MASCULINO,FAIDER
MASCULINO,FAIVER
FEMENINO,FANERY
FEMENINO,FANNY
MASCULINO,FANOR
FEMENINO,FANY
MASCULINO,FARID
FEMENINO,FARIDE
FEMENINO,FARIDES
FEMENINO,FATIMA
FEMENINO,FAUSTINA
MASCULINO,FAUSTINO
MASCULINO,FAUSTO
MASCULINO,FAVER
MASCULINO,FAVIAN
MASCULINO,FAVIO
MASCULINO,FEDERICO
MASCULINO,FELICIANO
FEMENINO,FELICIDAD
MASCULINO,FELIPE
FEMENINO,FELISA
MASCULINO,FELIX
MASCULINO,FERLEY
MASCULINO,FERMIN
FEMENINO,FERMINA
MASCULINO,FERNADO
MASCULINO,FERNAN
FEMENINO,FERNANDA
MASCULINO,FERNANDO
MASCULINO,FERNELLY
MASCULINO,FERNELY
MASCULINO,FERNEY
MASCULINO,FIDEL
FEMENINO,FIDELIA
FEMENINO,FIDELIGNA
MASCULINO,FIDELIGNO
FEMENINO,FIDELINA
MASCULINO,FIDENCIO
MASCULINO,FILADELFO
MASCULINO,FILEMON
MASCULINO,FILIBERTO
FEMENINO,FILOMENA
FEMENINO,FIORELLA
MASCULINO,FLABIO
MASCULINO,FLAMINIO
FEMENINO,FLAVIA
MASCULINO,FLAVIO
FEMENINO,FLOR
FEMENINO,FLORA
FEMENINO,FLORALBA
FEMENINO,FLORANGELA
FEMENINO,FLORELIA
FEMENINO,FLORENCIA
MASCULINO,FLORENCIO
FEMENINO,FLORENTINA
MASCULINO,FLORENTINO
FEMENINO,FLORESMIRA
MASCULINO,FLORIBERTO
FEMENINO,FLORINDA
MASCULINO,FORTUNATO
MASCULINO,FRAN
FEMENINO,FRANCELINA
FEMENINO,FRANCESCA
MASCULINO,FRANCESCO
FEMENINO,FRANCI
FEMENINO,FRANCIA
FEMENINO,FRANCISCA
MASCULINO,FRANCISCO
MASCULINO,FRANCO
FEMENINO,FRANCY
MASCULINO,FRANK
MASCULINO,FRANKLIN
MASCULINO,FRANKLYN
MASCULINO,FRANKY
MASCULINO,FRANZ
MASCULINO,FRAY
MASCULINO,FRED
MASCULINO,FREDDY
MASCULINO,FREDI
MASCULINO,FREDIS
MASCULINO,FREDY
MASCULINO,FREDYS
MASCULINO,FREY
MASCULINO,FULGENCIO
FEMENINO,FULVIA
MASCULINO,FULVIO
MASCULINO,GABINO
MASCULINO,GABRIEL
FEMENINO,GABRIELA
FEMENINO,GABRIELINA
FEMENINO,GABY
MASCULINO,GALO
MASCULINO,GANDHI
FEMENINO,GARCIA
MASCULINO,GARY
MASCULINO,GASTON
MASCULINO,GELBER
MASCULINO,GELMAN
MASCULINO,GELVER
FEMENINO,GEMA
FEMENINO,GEMMA
MASCULINO,GENARO
MASCULINO,GENER
FEMENINO,GENITH
FEMENINO,GENNY
FEMENINO,GENOVEVA
MASCULINO,GENRRY
MASCULINO,GENRY
MASCULINO,GENTIL
FEMENINO,GENY
MASCULINO,GEORGE
FEMENINO,GEORGINA
MASCULINO,GEORLIN
MASCULINO,GEOVANI
MASCULINO,GEOVANNI
MASCULINO,GEOVANNY
MASCULINO,GEOVANY
FEMENINO,GERARDINA
MASCULINO,GERARDO
MASCULINO,GERLEY
MASCULINO,GERMAN
FEMENINO,GERMANIA
MASCULINO,GERONIMO
MASCULINO,GERSAIN
MASCULINO,GERSON
FEMENINO,GERTRUDIS
MASCULINO,GIAN
MASCULINO,GIANCARLO
FEMENINO,GICELA
MASCULINO,GILBER
MASCULINO,GILBERT
MASCULINO,GILBERTO
FEMENINO,GILDA
MASCULINO,GILDARDO
FEMENINO,GILMA
MASCULINO,GILMAR
MASCULINO,GILMER
FEMENINO,GINA
FEMENINO,GINNA
FEMENINO,GIOMAR
FEMENINO,GIOVANA
MASCULINO,GIOVANI
FEMENINO,GIOVANNA
MASCULINO,GIOVANNI
MASCULINO,GIOVANNY
MASCULINO,GIOVANY
MASCULINO,GIRALDO
FEMENINO,GISELA
FEMENINO,GISELLA
FEMENINO,GISELLE
FEMENINO,GLADIS
FEMENINO,GLADIZ
FEMENINO,GLADYS
FEMENINO,GLENDA
FEMENINO,GLENIS
FEMENINO,GLORIA
MASCULINO,GONZALO
FEMENINO,GRACE
MASCULINO,GRACIANO
FEMENINO,GRACIELA
MASCULINO,GRACILIANO
FEMENINO,GRANADOS
FEMENINO,GREGORIA
MASCULINO,GREGORIO
MASCULINO,GREGORY
FEMENINO,GREISY
FEMENINO,GREY
FEMENINO,GRICELDA
FEMENINO,GRISELDA
FEMENINO,GUADALUPE
FEMENINO,GUDIELA
MASCULINO,GUIDO
MASCULINO,GUILERMO
FEMENINO,GUILLERMINA
MASCULINO,GUILLERMO
FEMENINO,GUIOMAR
MASCULINO,GUIOVANNI
MASCULINO,GUIOVANNY
MASCULINO,GUSTAVO
MASCULINO,HADER
MASCULINO,HAIDER
FEMENINO,HAIDY
MASCULINO,HAMILTON
MASCULINO,HANS
MASCULINO,HARBEY
MASCULINO,HARLEY
MASCULINO,HAROL
MASCULINO,HAROLD
MASCULINO,HARRINSON
MASCULINO,HARRISON
MASCULINO,HARRY
MASCULINO,HARVEY
MASCULINO,HARVY
FEMENINO,HASBLEIDY
FEMENINO,HAYDEE
MASCULINO,HEBER
MASCULINO,HEBERT
MASCULINO,HEBERTH
MASCULINO,HEBERTO
MASCULINO,HECTOR
MASCULINO,HEIBER
MASCULINO,HEIDER
FEMENINO,HEIDI
FEMENINO,HEIDY
MASCULINO,HEILER
MASCULINO,HELBER
MASCULINO,HELBERT
MASCULINO,HELBERTH
FEMENINO,HELDA
MASCULINO,HELDER
FEMENINO,HELEN
FEMENINO,HELENA
FEMENINO,HELGA
FEMENINO,HELIA
MASCULINO,HELIBERTO
FEMENINO,HELIDA
MASCULINO,HELIODORO
FEMENINO,HELLEN
MASCULINO,HELMAN
MASCULINO,HELMER
MASCULINO,HELVER
MASCULINO,HEMBER
MASCULINO,HEMERSON
MASCULINO,HENRI
MASCULINO,HENRRY
MASCULINO,HENRY
MASCULINO,HERALDO
MASCULINO,HERBERT
FEMENINO,HERCILIA
MASCULINO,HERIBERTO
MASCULINO,HERLEY
FEMENINO,HERLINDA
MASCULINO,HERMAN
FEMENINO,HERMELINA
FEMENINO,HERMELINDA
FEMENINO,HERMENCIA
MASCULINO,HERMES
MASCULINO,HERMIDES
FEMENINO,HERMILA
FEMENINO,HERMILDA
FEMENINO,HERMINDA
FEMENINO,HERMINIA
MASCULINO,HERMINIO
MASCULINO,HERNAN
MASCULINO,HERNANDO
MASCULINO,HERNEY
FEMENINO,HERSILIA
MASCULINO,HERSON
MASCULINO,HEVER
MASCULINO,HEYDER
FEMENINO,HEYDY
MASCULINO,HIGINIO
MASCULINO,HILARIO
FEMENINO,HILDA
MASCULINO,HILDEBRANDO
MASCULINO,HILDER
FEMENINO,HIMELDA
MASCULINO,HIPOLITO
FEMENINO,HOBANA
MASCULINO,HOLLMAN
MASCULINO,HOLMAN
MASCULINO,HOLMES
MASCULINO,HOMERO
MASCULINO,HONORIO
MASCULINO,HOOVER
MASCULINO,HORACIO
FEMENINO,HORTENCIA
FEMENINO,HORTENSIA
MASCULINO,HOSMAN
MASCULINO,HOVER
MASCULINO,HOWARD
MASCULINO,HUBER
MASCULINO,HUBERNEY
MASCULINO,HUBERT
MASCULINO,HUGO
MASCULINO,HUMBERTO
MASCULINO,HUVER
MASCULINO,IADER
MASCULINO,IBAN
FEMENINO,IBETH
MASCULINO,IBRAHIM
FEMENINO,IDA
FEMENINO,IDALBA
FEMENINO,IDALI
FEMENINO,IDALIA
FEMENINO,IDALY
MASCULINO,IDELFONSO
MASCULINO,IGNACIO
MASCULINO,IGOR
FEMENINO,ILBA
FEMENINO,ILDA
FEMENINO,ILEANA
FEMENINO,ILIA
FEMENINO,ILIANA
FEMENINO,ILMA
FEMENINO,ILSA
FEMENINO,ILSE
FEMENINO,ILVA
FEMENINO,IMELDA
FEMENINO,INDIRA
FEMENINO,INELDA
FEMENINO,INES
FEMENINO,INGRI
FEMENINO,INGRID
FEMENINO,INGRITH
FEMENINO,INGRY
FEMENINO,INIRIDA
FEMENINO,INOCENCIA
MASCULINO,INOCENCIO
FEMENINO,IRENE
FEMENINO,IRINA
FEMENINO,IRIS
FEMENINO,IRMA
MASCULINO,IRNE
MASCULINO,ISAAC
FEMENINO,ISABEL
FEMENINO,ISABELA
FEMENINO,ISABELINA
FEMENINO,ISABELLA
MASCULINO,ISAI
MASCULINO,ISAIAS
FEMENINO,ISAURA
MASCULINO,ISAURO
FEMENINO,ISBELIA
FEMENINO,ISIDORA
MASCULINO,ISIDORO
MASCULINO,ISIDRO
FEMENINO,ISIS
FEMENINO,ISLENA
FEMENINO,ISLENY
MASCULINO,ISMAEL
FEMENINO,ISMELDA
FEMENINO,ISMENIA
MASCULINO,ISNARDO
FEMENINO,ISOLINA
MASCULINO,ISRAEL
FEMENINO,ITALIA
MASCULINO,ITALO
MASCULINO,IVAN
FEMENINO,IVETH
FEMENINO,IVETTE
FEMENINO,IVON
FEMENINO,IVONE
FEMENINO,IVONNE
FEMENINO,JACINTA
MASCULINO,JACINTO
MASCULINO,JACK
FEMENINO,JACKELIN
FEMENINO,JACKELINE
MASCULINO,JACKSON
MASCULINO,JACOB
MASCULINO,JACOBO
FEMENINO,JACQUELIN
FEMENINO,JACQUELINE
MASCULINO,JADER
FEMENINO,JAEL
MASCULINO,JAHIR
MASCULINO,JAIDER
FEMENINO,JAIDY
MASCULINO,JAILER
MASCULINO,JAIME
MASCULINO,JAINER
MASCULINO,JAIR
MASCULINO,JAIRO
MASCULINO,JAISON
MASCULINO,JAIVER
FEMENINO,JAKELINE
MASCULINO,JAMER
MASCULINO,JAMES
MASCULINO,JAMID
FEMENINO,JAMILETH
MASCULINO,JAMIR
MASCULINO,JAN
FEMENINO,JANE
MASCULINO,JANER
FEMENINO,JANET
FEMENINO,JANETH
FEMENINO,JANETTE
MASCULINO,JANIER
MASCULINO,JANNER
FEMENINO,JANNETH
MASCULINO,JANUARIO
FEMENINO,JAQUELIN
FEMENINO,JAQUELINE
MASCULINO,JAROL
FEMENINO,JASBLEIDY
FEMENINO,JASMIN
MASCULINO,JASON
MASCULINO,JAVIER
MASCULINO,JAYSON
FEMENINO,JAZMIN
MASCULINO,JEAN
FEMENINO,JEANET
FEMENINO,JEANETH
FEMENINO,JEANETTE
FEMENINO,JEANNETH
FEMENINO,JEANNETHE
FEMENINO,JEANNETTE
MASCULINO,JEFERSON
MASCULINO,JEFERSSON
MASCULINO,JEFFERSON
MASCULINO,JEFFREY
MASCULINO,JEIBER
FEMENINO,JEIMMY
FEMENINO,JEIMY
MASCULINO,JEISON
MASCULINO,JEISSON
MASCULINO,JENARO
FEMENINO,JENIFER
FEMENINO,JENIFFER
FEMENINO,JENNIFER
FEMENINO,JENNY
FEMENINO,JENNYFER
MASCULINO,JENRY
FEMENINO,JENY
MASCULINO,JEREMIAS
MASCULINO,JERONIMO
MASCULINO,JERSON
MASCULINO,JERVACIO
FEMENINO,JESSICA
MASCULINO,JESUS
MASCULINO,JEYSON
MASCULINO,JHAIR
MASCULINO,JHAN
MASCULINO,JHEYSON
MASCULINO,JHOAN
FEMENINO,JHOANA
FEMENINO,JHOANNA
MASCULINO,JHOHAN
MASCULINO,JHOJAN
MASCULINO,JHON
MASCULINO,JHONATAN
MASCULINO,JHONATHAN
MASCULINO,JHONATTAN
MASCULINO,JHONIER
MASCULINO,JHONN
MASCULINO,JHONNATAN
MASCULINO,JHONNATHAN
MASCULINO,JHONNY
MASCULINO,JHONSON
MASCULINO,JHONY
MASCULINO,JHOVANNY
MASCULINO,JHOVANY
FEMENINO,JIMENA
MASCULINO,JIMMY
MASCULINO,JIMY
MASCULINO,JIOVANNY
MASCULINO,JOAN
FEMENINO,JOANA
FEMENINO,JOANNA
MASCULINO,JOAQUIN
FEMENINO,JOAQUINA
MASCULINO,JOE
MASCULINO,JOEL
MASCULINO,JOHAN
FEMENINO,JOHANA
MASCULINO,JOHANN
FEMENINO,JOHANNA
MASCULINO,JOHANNY
MASCULINO,JOHANY
MASCULINO,JOHN
MASCULINO,JOHNATAN
MASCULINO,JOHNN
MASCULINO,JOHNNY
MASCULINO,JOHNSON
MASCULINO,JOHNY
MASCULINO,JOHON
MASCULINO,JON
MASCULINO,JONAS
MASCULINO,JONATAN
MASCULINO,JONATHAN
MASCULINO,JONH
MASCULINO,JONNATHAN
MASCULINO,JONNY
MASCULINO,JONY
MASCULINO,JORGE
MASCULINO,JOSE
FEMENINO,JOSEFA
FEMENINO,JOSEFINA
MASCULINO,JOSELIN
MASCULINO,JOSELITO
MASCULINO,JOSEPH
MASCULINO,JOSUE
MASCULINO,JOVANI
FEMENINO,JOVANNA
MASCULINO,JOVANNY
MASCULINO,JOVANY
FEMENINO,JOVITA
MASCULINO,JUAN
FEMENINO,JUANA
FEMENINO,JUANITA
MASCULINO,JUANITO
MASCULINO,JUBER
FEMENINO,JUDITH
FEMENINO,JUDY
FEMENINO,JULIA
MASCULINO,JULIAN
FEMENINO,JULIANA
FEMENINO,JULIE
FEMENINO,JULIET
FEMENINO,JULIETA
FEMENINO,JULIETH
FEMENINO,JULIETTE
MASCULINO,JULIO
FEMENINO,JULLY
FEMENINO,JULY
MASCULINO,JUNIOR
FEMENINO,JUSTINA
MASCULINO,JUSTINIANO
MASCULINO,JUSTINO
MASCULINO,JUSTO
MASCULINO,JUVENAL
FEMENINO,KAREM
FEMENINO,KAREN
FEMENINO,KARIN
FEMENINO,KARINA
FEMENINO,KARLA
FEMENINO,KAROL
FEMENINO,KAROLINA
FEMENINO,KATERINE
FEMENINO,KATHERIN
FEMENINO,KATHERINE
FEMENINO,KATIA
FEMENINO,KATTY
FEMENINO,KATY
FEMENINO,KELLY
FEMENINO,KELY
FEMENINO,KETTY
MASCULINO,KEVIN
MASCULINO,LACIDES
FEMENINO,LADY
MASCULINO,LARRY
FEMENINO,LASTENIA
FEMENINO,LAURA
MASCULINO,LAUREANO
FEMENINO,LAUREN
MASCULINO,LAURENCIO
FEMENINO,LAURENTINA
MASCULINO,LAURENTINO
MASCULINO,LAZARO
MASCULINO,LEANDRO
FEMENINO,LEDA
FEMENINO,LEDIS
FEMENINO,LEDY
FEMENINO,LEDYS
MASCULINO,LEIBER
FEMENINO,LEIDA
MASCULINO,LEIDER
FEMENINO,LEIDI
FEMENINO,LEIDIS
FEMENINO,LEIDY
FEMENINO,LEIDYS
FEMENINO,LEILA
MASCULINO,LELIO
FEMENINO,LENA
MASCULINO,LENIN
FEMENINO,LENIS
FEMENINO,LENNY
FEMENINO,LENY
MASCULINO,LEO
MASCULINO,LEON
MASCULINO,LEONARD
MASCULINO,LEONARDO
MASCULINO,LEONCIO
MASCULINO,LEONEL
MASCULINO,LEONIDAS
FEMENINO,LEONILA
FEMENINO,LEONILDE
FEMENINO,LEONISA
FEMENINO,LEONOR
FEMENINO,LEONORA
FEMENINO,LEOPOLDINA
MASCULINO,LEOPOLDO
MASCULINO,LEOVIGILDO
FEMENINO,LESLIE
FEMENINO,LESLY
FEMENINO,LESVIA
FEMENINO,LETICIA
MASCULINO,LEVI
FEMENINO,LEYDA
MASCULINO,LEYDER
FEMENINO,LEYDI
FEMENINO,LEYDY
FEMENINO,LEYLA
FEMENINO,LIA
FEMENINO,LIANA
MASCULINO,LIBARDO
FEMENINO,LIBIA
MASCULINO,LIBIO
MASCULINO,LIBORIO
FEMENINO,LIBRADA
FEMENINO,LICENIA
FEMENINO,LICET
FEMENINO,LICETH
FEMENINO,LIDA
MASCULINO,LIDER
FEMENINO,LIDIA
FEMENINO,LIDY
FEMENINO,LIGIA
FEMENINO,LILA
FEMENINO,LILI
FEMENINO,LILIA
FEMENINO,LILIAM
FEMENINO,LILIAN
FEMENINO,LILIANA
FEMENINO,LILIBETH
FEMENINO,LILLIAM
FEMENINO,LILLIANA
FEMENINO,LILLY
FEMENINO,LILY
FEMENINO,LINA
FEMENINO,LINDA
FEMENINO,LINDELIA
FEMENINO,LINEY
FEMENINO,LIRIA
MASCULINO,LISANDRO
MASCULINO,LISARDO
FEMENINO,LISBETH
MASCULINO,LISBO
FEMENINO,LISETH
MASCULINO,LISIMACO
FEMENINO,LISSETTE
FEMENINO,LIVIA
FEMENINO,LIZ
FEMENINO,LIZA
MASCULINO,LIZANDRO
MASCULINO,LIZARDO
FEMENINO,LIZBETH
FEMENINO,LIZETH
FEMENINO,LOLA
FEMENINO,LORENA
FEMENINO,LORENZA
MASCULINO,LORENZO
FEMENINO,LOURDES
MASCULINO,LUBIAN
MASCULINO,LUBIN
MASCULINO,LUCAS
FEMENINO,LUCELIDA
FEMENINO,LUCELLY
FEMENINO,LUCELY
FEMENINO,LUCENA
FEMENINO,LUCENY
FEMENINO,LUCERO
FEMENINO,LUCI
FEMENINO,LUCIA
MASCULINO,LUCIANO
FEMENINO,LUCIDIA
FEMENINO,LUCILA
FEMENINO,LUCINA
FEMENINO,LUCINDA
MASCULINO,LUCINIO
MASCULINO,LUCIO
FEMENINO,LUCRECIA
FEMENINO,LUCY
FEMENINO,LUDIBIA
FEMENINO,LUDIS
FEMENINO,LUDIVIA
FEMENINO,LUDY
FEMENINO,LUDYS
MASCULINO,LUIGI
MASCULINO,LUIS
FEMENINO,LUISA
FEMENINO,LUPE
FEMENINO,LUZ
FEMENINO,LUZDARY
FEMENINO,LUZMILA
FEMENINO,LYDA
FEMENINO,LYDIA
FEMENINO,LYNDA
FEMENINO,MABEL
FEMENINO,MADELEINE
FEMENINO,MAGALI
FEMENINO,MAGALIS
FEMENINO,MAGALLY
FEMENINO,MAGALY
FEMENINO,MAGDA
FEMENINO,MAGDALENA
FEMENINO,MAGNOLIA
FEMENINO,MAGOLA
MASCULINO,MAICOL
FEMENINO,MAIRA
MASCULINO,MANFRED
MASCULINO,MANOLO
MASCULINO,MANUEL
FEMENINO,MANUELA
FEMENINO,MARA
FEMENINO,MARBEL
MASCULINO,MARCEL
FEMENINO,MARCELA
MASCULINO,MARCELIANO
FEMENINO,MARCELINA
MASCULINO,MARCELINO
MASCULINO,MARCELO
FEMENINO,MARCIA
MASCULINO,MARCIAL
MASCULINO,MARCO
MASCULINO,MARCOLINO
MASCULINO,MARCOS
FEMENINO,MARCY
FEMENINO,MARELVIS
FEMENINO,MARGARET
FEMENINO,MARGARETH
FEMENINO,MARGARITA
FEMENINO,MARGIE
FEMENINO,MARGOT
FEMENINO,MARGOTH
FEMENINO,MARGY
FEMENINO,MARI
FEMENINO,MARIA
FEMENINO,MARIANA
FEMENINO,MARIANELA
FEMENINO,MARIANELLA
MASCULINO,MARIANO
FEMENINO,MARIBEL
FEMENINO,MARICEL
FEMENINO,MARICELA
FEMENINO,MARIE
FEMENINO,MARIELA
FEMENINO,MARIELLA
FEMENINO,MARIELLY
FEMENINO,MARIEN
FEMENINO,MARIETA
FEMENINO,MARILIN
FEMENINO,MARILU
FEMENINO,MARILUZ
FEMENINO,MARILYN
FEMENINO,MARINA
FEMENINO,MARINELA
FEMENINO,MARINELLA
MASCULINO,MARINO
MASCULINO,MARIO
FEMENINO,MARISEL
FEMENINO,MARISELA
FEMENINO,MARISOL
FEMENINO,MARITZA
FEMENINO,MARIVEL
FEMENINO,MARJORIE
FEMENINO,MARLA
FEMENINO,MARLEN
FEMENINO,MARLENE
FEMENINO,MARLENI
FEMENINO,MARLENIS
FEMENINO,MARLENNY
FEMENINO,MARLENY
FEMENINO,MARLEY
FEMENINO,MARLIN
MASCULINO,MARLIO
MASCULINO,MARLON
FEMENINO,MARLY
FEMENINO,MARLYN
FEMENINO,MARTA
FEMENINO,MARTHA
MASCULINO,MARTIN
FEMENINO,MARTINA
FEMENINO,MARTINEZ
MASCULINO,MARTINIANO
FEMENINO,MARUJA
MASCULINO,MARVIN
FEMENINO,MARY
FEMENINO,MARYBEL
FEMENINO,MARYI
FEMENINO,MARYLIN
FEMENINO,MARYLUZ
FEMENINO,MARYORI
FEMENINO,MARYORY
FEMENINO,MARYSOL
FEMENINO,MARYURI
FEMENINO,MARYURY
MASCULINO,MATEO
MASCULINO,MATIAS
FEMENINO,MATILDE
FEMENINO,MAURA
FEMENINO,MAUREN
MASCULINO,MAURICIO
MASCULINO,MAURO
MASCULINO,MAX
MASCULINO,MAXIMILIANO
MASCULINO,MAXIMINO
MASCULINO,MAXIMO
FEMENINO,MAYERLI
FEMENINO,MAYERLIN
FEMENINO,MAYERLINE
FEMENINO,MAYERLING
FEMENINO,MAYERLY
FEMENINO,MAYRA
MASCULINO,MEDARDO
FEMENINO,MELANIA
FEMENINO,MELBA
FEMENINO,MELIDA
FEMENINO,MELISA
FEMENINO,MELISSA
MASCULINO,MELQUIADES
MASCULINO,MELQUICEDEC
MASCULINO,MELQUISEDEC
FEMENINO,MELVA
MASCULINO,MERARDO
FEMENINO,MERCEDES
FEMENINO,MERCY
FEMENINO,MERLY
FEMENINO,MERY
MASCULINO,MESIAS
MASCULINO,MEYER
MASCULINO,MICHAEL
MASCULINO,MICHEL
FEMENINO,MICHELLE
FEMENINO,MIGDONIA
MASCULINO,MIGUEL
MASCULINO,MIKE
FEMENINO,MILA
FEMENINO,MILADIS
FEMENINO,MILADY
FEMENINO,MILADYS
FEMENINO,MILAGRO
FEMENINO,MILAGROS
FEMENINO,MILBIA
MASCULINO,MILCIADES
FEMENINO,MILDRED
FEMENINO,MILEIDY
FEMENINO,MILENA
MASCULINO,MILLER
FEMENINO,MILLERLANDY
MASCULINO,MILSON
MASCULINO,MILTON
FEMENINO,MILVIA
FEMENINO,MINERVA
FEMENINO,MIRALBA
FEMENINO,MIRELLA
FEMENINO,MIREYA
FEMENINO,MIRIAM
FEMENINO,MIRIAN
FEMENINO,MIRNA
FEMENINO,MIRTA
FEMENINO,MIRTHA
FEMENINO,MIRYAM
FEMENINO,MIRYAN
MASCULINO,MISAEL
MASCULINO,MIYER
MASCULINO,MODESTO
MASCULINO,MOISES
FEMENINO,MONICA
FEMENINO,MORELIA
FEMENINO,MYRIAM
FEMENINO,MYRIAN
MASCULINO,NABOR
FEMENINO,NADIA
MASCULINO,NAFER
FEMENINO,NAIR
MASCULINO,NAIRO
FEMENINO,NANCI
FEMENINO,NANCY
MASCULINO,NAPOLEON
FEMENINO,NARCISA
MASCULINO,NARCISO
FEMENINO,NARDA
FEMENINO,NARLY
FEMENINO,NASLY
FEMENINO,NATALI
FEMENINO,NATALIA
FEMENINO,NATALIE
FEMENINO,NATALY
FEMENINO,NATHALIA
FEMENINO,NATHALIE
FEMENINO,NATHALY
FEMENINO,NATIVIDAD
MASCULINO,NAUN
FEMENINO,NAYDU
FEMENINO,NAYIBE
FEMENINO,NAYIVE
FEMENINO,NAZARETH
MASCULINO,NAZARIO
FEMENINO,NAZLY
MASCULINO,NEFTALI
FEMENINO,NEIDA
MASCULINO,NEIDER
FEMENINO,NEIDY
MASCULINO,NEIL
FEMENINO,NEILA
FEMENINO,NELBA
FEMENINO,NELCY
FEMENINO,NELFI
FEMENINO,NELIDA
FEMENINO,NELLY
FEMENINO,NELLYS
FEMENINO,NELSA
FEMENINO,NELSI
MASCULINO,NELSO
MASCULINO,NELSON
FEMENINO,NELSY
FEMENINO,NELVIS
FEMENINO,NELY
MASCULINO,NEMECIO
MASCULINO,NEMESIO
MASCULINO,NEPOMUCENO
FEMENINO,NEREIDA
FEMENINO,NERY
MASCULINO,NESTOR
MASCULINO,NEVARDO
MASCULINO,NEVER
FEMENINO,NEYDA
FEMENINO,NEYLA
FEMENINO,NHORA
FEMENINO,NIBIA
MASCULINO,NICANOR
MASCULINO,NICOLAS
FEMENINO,NICOLASA
FEMENINO,NIDIA
FEMENINO,NIDIAN
FEMENINO,NIDYA
FEMENINO,NIEVES
MASCULINO,NILO
FEMENINO,NILSA
MASCULINO,NILSON
MASCULINO,NILTON
FEMENINO,NINA
FEMENINO,NINFA
FEMENINO,NINI
FEMENINO,NINY
MASCULINO,NIRAY
FEMENINO,NIRIA
FEMENINO,NIRZA
FEMENINO,NIVIA
MASCULINO,NIXON
MASCULINO,NODIER
MASCULINO,NOE
MASCULINO,NOEL
FEMENINO,NOELBA
FEMENINO,NOELIA
FEMENINO,NOEMI
FEMENINO,NOEMY
FEMENINO,NOHELIA
FEMENINO,NOHEMA
FEMENINO,NOHEMI
FEMENINO,NOHEMY
FEMENINO,NOHORA
FEMENINO,NOHRA
MASCULINO,NOLBERTO
FEMENINO,NORA
FEMENINO,NORAIDA
FEMENINO,NORALBA
MASCULINO,NORBERTO
MASCULINO,NORBEY
FEMENINO,NORBY
FEMENINO,NORELA
FEMENINO,NORELIA
FEMENINO,NORELLA
FEMENINO,NORHA
MASCULINO,NORIEL
FEMENINO,NORIS
FEMENINO,NORMA
MASCULINO,NORMAN
MASCULINO,NORVEY
FEMENINO,NORY
FEMENINO,NUBIA
FEMENINO,NUBIOLA
MASCULINO,NUMAEL
MASCULINO,NUMAR
FEMENINO,NURIA
FEMENINO,NURIS
FEMENINO,NURY
FEMENINO,NURYS
FEMENINO,NUVIA
FEMENINO,NYDIA
FEMENINO,OBDULIA
MASCULINO,OBDULIO
MASCULINO,OCTAVIO
FEMENINO,ODALINDA
FEMENINO,ODILA
FEMENINO,ODILIA
MASCULINO,ODILIO
FEMENINO,OFELIA
FEMENINO,OFFIR
MASCULINO,OLEGARIO
FEMENINO,OLGA
MASCULINO,OLGER
FEMENINO,OLIMPIA
MASCULINO,OLIMPO
FEMENINO,OLINDA
MASCULINO,OLINTO
FEMENINO,OLIVA
MASCULINO,OLIVER
MASCULINO,OLIVERIO
FEMENINO,OLIVIA
MASCULINO,OLIVO
MASCULINO,OLMAN
MASCULINO,OLMER
MASCULINO,OLMES
FEMENINO,OMAIRA
MASCULINO,OMAR
FEMENINO,OMAYRA
FEMENINO,ONEIDA
MASCULINO,ONOFRE
FEMENINO,ORALIA
FEMENINO,ORFA
FEMENINO,ORFELINA
FEMENINO,ORFILIA
FEMENINO,ORIANA
FEMENINO,ORIETTA
MASCULINO,ORIOL
FEMENINO,ORLANDA
MASCULINO,ORLANDO
MASCULINO,ORLEY
FEMENINO,ORLINDA
MASCULINO,OSBALDO
MASCULINO,OSCAR
FEMENINO,OSIRIS
MASCULINO,OSKAR
MASCULINO,OSMAN
MASCULINO,OSMAR
MASCULINO,OSVALDO
MASCULINO,OSWAL
MASCULINO,OSWALD
MASCULINO,OSWALDO
FEMENINO,OTILIA
MASCULINO,OTONIEL
MASCULINO,OTTO
FEMENINO,OVEIDA
MASCULINO,OVIDIO
MASCULINO,PABLO
MASCULINO,PACIFICO
FEMENINO,PAHOLA
FEMENINO,PAMELA
FEMENINO,PAOLA
MASCULINO,PAOLO
MASCULINO,PARMENIDES
MASCULINO,PARMENIO
MASCULINO,PASCUAL
MASCULINO,PASTOR
FEMENINO,PASTORA
FEMENINO,PATRICIA
MASCULINO,PATRICIO
MASCULINO,PATROCINIO
MASCULINO,PAUL
FEMENINO,PAULA
FEMENINO,PAULINA
MASCULINO,PAULINO
MASCULINO,PAULO
FEMENINO,PAZ
MASCULINO,PEDRO
MASCULINO,PEREGRINO
FEMENINO,PERLA
MASCULINO,PETER
FEMENINO,PETRONA
FEMENINO,PETRONILA
FEMENINO,PIEDAD
FEMENINO,PILAR
MASCULINO,PLACIDO
MASCULINO,PLINIO
MASCULINO,PLUTARCO
FEMENINO,POLICARPA
MASCULINO,POLICARPO
MASCULINO,POLIDORO
MASCULINO,POLO
MASCULINO,POMPILIO
MASCULINO,PORFIRIO
FEMENINO,PRESENTACION
MASCULINO,PRIMITIVO
FEMENINO,PRISCILA
MASCULINO,PROSPERO
FEMENINO,PUREZA
FEMENINO,PURIFICACION
MASCULINO,QUERUBIN
MASCULINO,RADAMEL
MASCULINO,RAFAEL
FEMENINO,RAFAELA
MASCULINO,RAIMUNDO
MASCULINO,RAMIRO
MASCULINO,RAMON
FEMENINO,RAMONA
FEMENINO,RAQUEL
MASCULINO,RAUL
FEMENINO,REBECA
FEMENINO,REGINA
MASCULINO,REGULO
FEMENINO,REINA
FEMENINO,REINALDA
MASCULINO,REINALDO
MASCULINO,REINEL
MASCULINO,REINER
MASCULINO,REINERIO
MASCULINO,REMBERTO
MASCULINO,REMIGIO
FEMENINO,RENATA
MASCULINO,RENATO
MASCULINO,RENE
MASCULINO,RENZO
MASCULINO,REYNALDO
MASCULINO,REYNEL
MASCULINO,RICARDO
MASCULINO,RICAURTE
MASCULINO,RICHAR
MASCULINO,RICHARD
MASCULINO,RIGO
MASCULINO,RIGOBERTO
FEMENINO,RINA
FEMENINO,RITA
MASCULINO,RITO
MASCULINO,ROBEIRO
MASCULINO,ROBER
MASCULINO,ROBERT
MASCULINO,ROBERTH
MASCULINO,ROBERTO
MASCULINO,ROBERTULIO
MASCULINO,ROBIN
MASCULINO,ROBINSO
MASCULINO,ROBINSON
MASCULINO,ROBINZON
FEMENINO,ROCIO
MASCULINO,RODOLFO
MASCULINO,RODRIGO
MASCULINO,RODULFO
MASCULINO,ROGELIO
MASCULINO,ROGER
MASCULINO,ROGERIO
MASCULINO,ROGERS
MASCULINO,ROLAN
MASCULINO,ROLAND
MASCULINO,ROLANDO
MASCULINO,ROMAN
MASCULINO,ROMEL
FEMENINO,ROMELIA
MASCULINO,ROMMEL
MASCULINO,ROMUALDO
MASCULINO,ROMULO
MASCULINO,RONAL
MASCULINO,RONALD
MASCULINO,RONNY
MASCULINO,RONY
MASCULINO,ROQUE
FEMENINO,ROQUELINA
FEMENINO,ROSA
FEMENINO,ROSABEL
FEMENINO,ROSALBA
FEMENINO,ROSALBINA
FEMENINO,ROSALIA
FEMENINO,ROSALINA
FEMENINO,ROSANA
FEMENINO,ROSARIO
FEMENINO,ROSAURA
FEMENINO,ROSE
FEMENINO,ROSELIA
FEMENINO,ROSEMARY
MASCULINO,ROSEMBERG
FEMENINO,ROSENDA
MASCULINO,ROSENDO
FEMENINO,ROSIBEL
FEMENINO,ROSINA
FEMENINO,ROSIRIS
FEMENINO,ROSITA
FEMENINO,ROSMARY
FEMENINO,ROSMERY
FEMENINO,ROSMIRA
MASCULINO,ROSO
FEMENINO,ROSSANA
FEMENINO,ROSSE
MASCULINO,ROSSO
FEMENINO,ROSSY
FEMENINO,ROXANA
MASCULINO,ROY
FEMENINO,RUBBY
FEMENINO,RUBELIA
MASCULINO,RUBEN
MASCULINO,RUBER
MASCULINO,RUBERT
FEMENINO,RUBI
FEMENINO,RUBIA
FEMENINO,RUBIALBA
MASCULINO,RUBIEL
FEMENINO,RUBIELA
MASCULINO,RUBIO
FEMENINO,RUBY
MASCULINO,RUDECINDO
FEMENINO,RUEDA
FEMENINO,RUFINA
MASCULINO,RUFINO
MASCULINO,RUPERTO
MASCULINO,RUSBEL
FEMENINO,RUT
FEMENINO,RUTH
MASCULINO,SABAS
FEMENINO,SABINA
FEMENINO,SABRINA
FEMENINO,SAGRARIO
MASCULINO,SAID
FEMENINO,SAIDA
FEMENINO,SAIRA
MASCULINO,SALIM
FEMENINO,SALLY
FEMENINO,SALOME
MASCULINO,SALOMON
MASCULINO,SALUSTIANO
MASCULINO,SALVADOR
MASCULINO,SAMIR
FEMENINO,SAMIRA
MASCULINO,SAMUEL
MASCULINO,SAMY
FEMENINO,SANDRA
MASCULINO,SANDRO
FEMENINO,SANDY
MASCULINO,SANTIAGO
FEMENINO,SANTOS
FEMENINO,SARA
FEMENINO,SARAY
FEMENINO,SARITA
FEMENINO,SATURIA
MASCULINO,SATURNINO
MASCULINO,SAUL
MASCULINO,SAULO
FEMENINO,SAYDA
MASCULINO,SEBASTIAN
MASCULINO,SECUNDINO
MASCULINO,SEGUNDO
FEMENINO,SENAIDA
MASCULINO,SERAFIN
MASCULINO,SERGIO
MASCULINO,SERVIO
MASCULINO,SEVERIANO
MASCULINO,SEVERO
FEMENINO,SHARON
FEMENINO,SHARY
FEMENINO,SHEILA
FEMENINO,SHIRLEY
FEMENINO,SHIRLY
MASCULINO,SIDNEY
MASCULINO,SIERVO
MASCULINO,SIGIFREDO
FEMENINO,SILDANA
FEMENINO,SILENIA
FEMENINO,SILVANA
MASCULINO,SILVANO
MASCULINO,SILVERIO
MASCULINO,SILVESTRE
FEMENINO,SILVIA
MASCULINO,SILVINO
MASCULINO,SILVIO
MASCULINO,SIMEON
MASCULINO,SIMON
FEMENINO,SINDY
FEMENINO,SIOMARA
FEMENINO,SIRLEY
FEMENINO,SIXTA
MASCULINO,SIXTO
FEMENINO,SOCORRO
MASCULINO,SOCRATES
FEMENINO,SOFIA
FEMENINO,SOL
FEMENINO,SOLANGE
FEMENINO,SOLANGEL
FEMENINO,SOLANLLY
FEMENINO,SOLEDAD
FEMENINO,SOLEY
FEMENINO,SONIA
FEMENINO,SONNIA
FEMENINO,SOR
FEMENINO,SORAIDA
FEMENINO,SORANY
FEMENINO,SORAYA
FEMENINO,SORAYDA
FEMENINO,STELLA
FEMENINO,STEPHANIE
MASCULINO,STEVE
MASCULINO,STEVEN
FEMENINO,SULAY
FEMENINO,SULLY
FEMENINO,SULMA
FEMENINO,SULY
FEMENINO,SUSAN
FEMENINO,SUSANA
FEMENINO,SYLVIA
FEMENINO,TAMARA
FEMENINO,TANIA
MASCULINO,TARCISIO
FEMENINO,TATIANA
MASCULINO,TELESFORO
MASCULINO,TELMO
FEMENINO,TEMILDA
MASCULINO,TEOBALDO
FEMENINO,TEODOLINDA
FEMENINO,TEODORA
MASCULINO,TEODORO
MASCULINO,TEODULO
FEMENINO,TEOFILA
FEMENINO,TEOFILDE
MASCULINO,TEOFILO
FEMENINO,TERESA
FEMENINO,TERESITA
MASCULINO,TIBERIO
FEMENINO,TILCIA
MASCULINO,TIMOLEON
FEMENINO,TIRSA
MASCULINO,TIRSO
MASCULINO,TITO
MASCULINO,TOBIAS
MASCULINO,TOMAS
FEMENINO,TOMASA
MASCULINO,TONNY
MASCULINO,TONY
FEMENINO,TRANSITO
MASCULINO,TRIGELIO
FEMENINO,TRINIDAD
MASCULINO,TRINO
FEMENINO,TULIA
MASCULINO,TULIO
FEMENINO,UBALDINA
MASCULINO,UBALDO
MASCULINO,UBEIMAR
MASCULINO,UBER
MASCULINO,UBERNEY
MASCULINO,ULDARICO
MASCULINO,ULISES
MASCULINO,ULPIANO
MASCULINO,URBANO
MASCULINO,URIAS
MASCULINO,URIEL
FEMENINO,URSULA
MASCULINO,VALENTIN
FEMENINO,VALENTINA
FEMENINO,VALERIA
MASCULINO,VALERIO
FEMENINO,VANESSA
MASCULINO,VENANCIO
FEMENINO,VERA
FEMENINO,VERONICA
FEMENINO,VIANEY
FEMENINO,VIANNEY
FEMENINO,VIBIANA
FEMENINO,VICENTA
MASCULINO,VICENTE
FEMENINO,VICKY
MASCULINO,VICTOR
FEMENINO,VICTORIA
MASCULINO,VICTORIANO
FEMENINO,VILMA
FEMENINO,VIRGELINA
MASCULINO,VIRGILIO
FEMENINO,VIRGINIA
FEMENINO,VISITACION
FEMENINO,VITALIA
MASCULINO,VITALIANO
MASCULINO,VITELIO
FEMENINO,VIVIAN
FEMENINO,VIVIANA
MASCULINO,VLADIMIR
FEMENINO,WALDINA
MASCULINO,WALDO
MASCULINO,WALTER
MASCULINO,WALTHER
MASCULINO,WEIMAR
FEMENINO,WENDY
MASCULINO,WILBER
MASCULINO,WILBERTO
MASCULINO,WILDER
MASCULINO,WILFER
MASCULINO,WILFRAN
MASCULINO,WILFRED
MASCULINO,WILFREDO
MASCULINO,WILFREDY
MASCULINO,WILFRIDO
MASCULINO,WILIAM
MASCULINO,WILIAN
MASCULINO,WILINGTON
MASCULINO,WILINTON
MASCULINO,WILLIAM
MASCULINO,WILLIAMS
MASCULINO,WILLIAN
MASCULINO,WILLINGTON
MASCULINO,WILLINTON
MASCULINO,WILLINTONG
MASCULINO,WILLSON
MASCULINO,WILLY
MASCULINO,WILLYAM
FEMENINO,WILMA
MASCULINO,WILMAN
MASCULINO,WILMAR
MASCULINO,WILMER
MASCULINO,WILSON
MASCULINO,WILTON
MASCULINO,WILVER
FEMENINO,WINDI
MASCULINO,WINSTON
MASCULINO,WISTON
MASCULINO,WLADIMIR
MASCULINO,XAVIER
FEMENINO,XIMENA
FEMENINO,XIOMARA
FEMENINO,YADI
FEMENINO,YADIRA
FEMENINO,YADY
MASCULINO,YAIR
FEMENINO,YAJAIRA
FEMENINO,YAKELINE
FEMENINO,YALILE
MASCULINO,YAMEL
MASCULINO,YAMID
MASCULINO,YAMIL
FEMENINO,YAMILE
FEMENINO,YAMILED
FEMENINO,YAMILET
FEMENINO,YAMILETH
MASCULINO,YAMIR
MASCULINO,YAMIT
MASCULINO,YAMITH
MASCULINO,YAN
FEMENINO,YANCY
FEMENINO,YANED
FEMENINO,YANET
FEMENINO,YANETH
FEMENINO,YANIRA
FEMENINO,YANITH
FEMENINO,YANNETH
FEMENINO,YANY
FEMENINO,YAQUELIN
FEMENINO,YAQUELINE
FEMENINO,YASMID
FEMENINO,YASMIN
FEMENINO,YASMINA
FEMENINO,YAZMIN
MASCULINO,YECID
MASCULINO,YEFER
MASCULINO,YEFERSON
MASCULINO,YEFFERSON
FEMENINO,YEIMI
FEMENINO,YEIMMY
FEMENINO,YEIMY
MASCULINO,YEINER
FEMENINO,YEINY
MASCULINO,YEISON
MASCULINO,YEISSON
FEMENINO,YELITZA
FEMENINO,YENCY
FEMENINO,YENI
FEMENINO,YENIFER
FEMENINO,YENIS
FEMENINO,YENITH
FEMENINO,YENNI
FEMENINO,YENNIFER
FEMENINO,YENNY
FEMENINO,YENY
FEMENINO,YERLY
MASCULINO,YERSON
FEMENINO,YESENIA
FEMENINO,YESICA
MASCULINO,YESID
FEMENINO,YESIKA
FEMENINO,YESSICA
MASCULINO,YEZID
MASCULINO,YHON
FEMENINO,YICELA
MASCULINO,YILBER
MASCULINO,YILMAR
MASCULINO,YILVER
MASCULINO,YIMER
MASCULINO,YIMI
MASCULINO,YIMMI
MASCULINO,YIMMY
MASCULINO,YIMY
FEMENINO,YINA
FEMENINO,YINED
FEMENINO,YINET
FEMENINO,YINETH
FEMENINO,YIRA
FEMENINO,YISEL
FEMENINO,YISELA
FEMENINO,YOANA
MASCULINO,YOANY
MASCULINO,YOBANY
MASCULINO,YOHAN
FEMENINO,YOHANA
FEMENINO,YOHANNA
MASCULINO,YOHANY
MASCULINO,YOHN
FEMENINO,YOJANA
FEMENINO,YOLANDA
FEMENINO,YOLI
FEMENINO,YOLIMA
FEMENINO,YOLY
FEMENINO,YOMAIRA
FEMENINO,YOMAR
MASCULINO,YON
MASCULINO,YONATHAN
MASCULINO,YONI
MASCULINO,YONIER
MASCULINO,YONNY
MASCULINO,YONY
FEMENINO,YORLADY
FEMENINO,YOVANA
MASCULINO,YOVANI
FEMENINO,YOVANNA
MASCULINO,YOVANNI
MASCULINO,YOVANNY
MASCULINO,YOVANY
MASCULINO,YUBER
FEMENINO,YUDI
FEMENINO,YUDIS
FEMENINO,YUDITH
FEMENINO,YUDY
FEMENINO,YULI
MASCULINO,YULIAM
FEMENINO,YULIANA
FEMENINO,YULIE
FEMENINO,YULIET
FEMENINO,YULIETH
FEMENINO,YULLY
FEMENINO,YULY
FEMENINO,YURANI
FEMENINO,YURANY
FEMENINO,YURI
FEMENINO,YURLEY
FEMENINO,YURY
FEMENINO,ZAIDA
FEMENINO,ZAIRA
MASCULINO,ZAMIR
FEMENINO,ZAMIRA
FEMENINO,ZANDRA
FEMENINO,ZAYDA
FEMENINO,ZENAIDA
FEMENINO,ZENITH
FEMENINO,ZOILA
FEMENINO,ZONIA
FEMENINO,ZORAIDA
FEMENINO,ZORAYA
FEMENINO,ZORAYDA
FEMENINO,ZULAY
FEMENINO,ZULEIMA
FEMENINO,ZULEMA
FEMENINO,ZULEYMA
FEMENINO,ZULIMA
FEMENINO,ZULLY
FEMENINO,ZULMA
FEMENINO,ZULY
FEMENINO,ZUNILDA
